organization_id,supervising_agency_id,agency_id,bureau_office,division,department,section,team,unit
1,1,1,内閣人事局,,,,,
2,14,14,戦略・組織,政府ＤＸ担当,,,,
3,14,14,国民向けサービス,,,マイナンバーカード広報班,,
4,14,14,省庁業務サービス,政府共通プラットフォーム担当,,,,
5,14,14,省庁業務サービス,電子決裁システム担当,,,,
6,14,14,省庁業務サービス,ｅーＬＡＷＳ／共通情報検索システム担当,,,,
7,14,14,デジタル社会共通機能,,,トラスト担当　政府認証基盤（ＧＰＫＩ）班,,
8,14,14,国民向けサービス,,,ｅーＧｏｖ班,,
9,14,14,省庁業務サービス,政府共通ネットワーク担当,,,,
10,14,14,省庁業務サービス,旅費等内部管理業務共通システム担当,,,,
11,14,14,国民向けサービス,,,ＧビズＩＤ班,,
12,14,14,国民向けサービス,,,Ｊグランツ班,,
13,1,1,副長官補付,国土強靭化推進室,,,,
14,1,1,副長官補付,領土・主権対策企画調整室,,,,
15,1,1,副長官補付,健康・医療戦略室,,,,
16,1,1,副長官補付,水循環政策本部事務局,,,,
17,1,1,副長官補付,新しい地方経済・生活環境創生本部事務局,,,,
18,1,1,副長官補付,産業遺産の世界遺産登録推進室担当,,,,
19,1,1,副長官補付,ギャンブル等依存症対策推進本部事務局,,,,
20,1,1,内閣感染症危機管理統括庁,,,,,
21,1,1,副長官補付（事態）,,,,,
22,1,1,広報室,,,,,
23,1,1,室,室２,,,,
24,1,1,内閣サイバーセキュリティセンター,,,,,
25,8,8,警察庁,人身安全・少年課,生活安全局,,,
26,14,14,国民向けサービス,,,カード自治体利用推進班,,
27,14,14,デジタル社会共通機能,（旧）基準・標準担当,,,ベースレジストリ班,
28,1,1,副長官補付,特定複合観光施設区域整備推進室,,,,
29,1,1,副長官補付,地理空間情報活用推進室,,,,
30,1,1,副長官補付,国際博覧会推進本部事務局,,,,
31,1,1,副長官補付,孤独・孤立対策担当室,,,,
32,4,4,大臣官房,公文書管理課,,,,
33,4,4,大臣官房,政府広報室,,,,
34,4,4,大臣官房,アイヌ施策推進室,,,,
35,4,4,政策統括官（経済財政運営担当）,参事官（予算編成基本方針担当）,,,,
36,4,4,政策統括官（経済財政運営担当）,対日直接投資推進室,,,,
37,4,4,政策統括官（経済財政運営担当）,道州制特区担当室,,,,
38,4,4,政策統括官（経済社会システム担当）,民間資金等活用事業推進室,,,,
39,4,4,政策統括官（共生・共助担当）,政策統括官（共生・共助担当）　参事官（共助社会づくり推進担当）,,,,
40,4,4,政策統括官（共生・共助担当）,政策統括官（共生・共助担当）　休眠預金等活用担当室,,,,
41,4,4,政策統括官（経済財政分析担当）,参事官（総括担当）,,,,
42,4,4,政策統括官（経済財政分析担当）,参事官（地域担当）,,,,
43,4,4,政策統括官（経済財政分析担当）,参事官（海外担当）,,,,
44,4,4,政策統括官（経済財政分析担当）,地方創生推進室,,,,
45,4,4,地方創生推進事務局,,,,,
46,4,4,科学技術・イノベーション推進事務局,参事官（重要課題担当）,,,,
47,4,4,科学技術・イノベーション推進事務局,,,日本医療研究開発機構担当室,,
48,4,4,科学技術・イノベーション推進事務局,参事官（事業推進総括担当）,,,,
49,4,4,大臣官房,遺棄化学兵器処理担当室,,,,
50,4,4,政策統括官（防災担当）,参事官（普及啓発・連携担当）,,,,
51,4,4,政策統括官（防災担当）,参事官（地方・訓練担当）,,,,
52,4,4,政策統括官（防災担当）,参事官（被災者生活再建担当）,,,,
53,4,4,政策統括官（防災担当）,参事官（避難生活担当）,,,,
54,4,4,政策統括官（防災担当）,参事官（調査・企画担当）,,,,
55,4,4,政策統括官（防災担当）,参事官（災害緊急事態対処担当）,,,,
56,4,4,政策統括官（防災担当）,参事官（復旧・復興担当）,,,,
57,1,1,副長官補付,船舶活用医療推進本部設立準備室,,,,
58,4,4,政策統括官（防災担当）,参事官（防災計画担当）,,,,
59,4,4,政策統括官（原子力防災担当）,参事官（総括担当）,,,,
60,4,4,政策統括官（原子力防災担当）,参事官（企画・国際担当）,,,,
61,4,4,政策統括官（原子力防災担当）,参事官（総合調整・訓練担当）,,,,
62,4,4,政策統括官（沖縄政策担当）,参事官（企画担当）,,,,
63,4,4,沖縄振興局,総務課,,事業振興室,,
64,4,4,沖縄振興局,参事官（特定事業担当）,,,,
65,4,4,沖縄振興局,参事官（振興第一担当）,,,,
66,4,4,沖縄振興局,参事官（振興第三担当）,,,,
67,4,4,沖縄振興局,参事官（振興第二担当）,,,,
68,4,4,政策統括官（沖縄政策担当）,参事官（政策調整担当）,,,,
69,4,4,沖縄振興局,参事官（調査金融担当）,,,,
70,4,4,沖縄振興局,総務課,,沖縄科学技術大学院大学室,,
71,4,4,沖縄振興局,参事官（特定事業担当）,,,,特定事業第１担当主査
72,4,4,政策統括官（沖縄政策担当）,参事官（総括担当）,,,,
73,4,4,政策統括官（沖縄政策担当）,参事官（産業振興担当）,,,,
74,4,4,政策統括官（共生・共助担当）,参事官（高齢社会対策担当）,,,,
75,4,4,政策統括官（共生・共助担当）,参事官（総合調整担当）,,,,
76,4,4,政策統括官（共生・共助担当）,参事官（障害者施策担当）,,,,
77,4,4,政策統括官（共生・共助担当）,参事官（交通安全対策担当）,,,,
78,4,4,政策統括官（共生・共助担当）,参事官（青年国際交流担当）,,,,
79,4,4,男女共同参画局,総務課,,,,
80,4,4,男女共同参画局,推進課,,,,
81,4,4,食品安全委員会,評価第一課,事務局,,,
82,4,4,男女共同参画局,仕事と生活の調和推進室,,,,
83,4,4,食品安全委員会,情報・勧告広報課,事務局,,,交流係
84,4,4,大臣官房,会計課,,,,営繕係
85,4,4,公益認定等委員会,,事務局,,,
86,4,4,経済社会総合研究所,国民経済計算部,,企画調査課,,
87,4,4,経済社会総合研究所,経済研修所,,,,
88,4,4,迎賓館,運営課,,,,
89,4,4,迎賓館,京都事務所,,,,
90,4,4,宇宙開発戦略推進事務局,,,,,
91,4,4,北方対策本部,,,,,
92,4,4,総合海洋政策推進事務局,,,,,
93,4,4,国際平和協力本部,参事官,事務局,,,
94,4,4,日本学術会議,参事官（国際業務担当）,事務局,,,国際業務総括専門職
95,4,4,日本学術会議,企画課,事務局,,,
96,4,4,官民人材交流センター,総務課,,,,
97,4,4,科学技術・イノベーション推進事務局,参事官（未来革新研究推進担当）,,,,
98,4,4,大臣官房,拉致被害者等支援担当室,,,,
99,4,4,政策統括官（経済財政運営担当）,参事官（総括担当）,,,,
100,4,4,政策統括官（経済財政運営担当）,参事官（国際経済担当）,,,,
101,4,4,政策統括官（経済社会システム担当）,参事官（総括担当）,,,,
102,4,4,政策統括官（経済財政分析担当）,参事官（企画担当）,,,,
103,4,4,政策統括官（経済財政分析担当）,計量分析室,,,,
104,4,4,科学技術・イノベーション推進事務局,参事官（総括担当）,,,,
105,4,4,科学技術・イノベーション推進事務局,参事官（イノベーション推進担当）,,,,
106,4,4,科学技術・イノベーション推進事務局,参事官（統合戦略担当）,,,,
107,4,4,科学技術・イノベーション推進事務局,参事官（大学改革・ファンド担当）,,,,
108,4,4,健康・医療戦略推進事務局,,,,,
109,4,4,賞勲局,総務課,,,,
110,4,4,北方対策本部,参事官,,,,総務係
111,4,4,迎賓館,,,,,
112,4,4,知的財産戦略推進事務局,,,,,
113,4,4,経済社会総合研究所,総務部,,総務課,,
114,4,4,政策統括官（重要土地担当）,,,,,
115,29,29,医政局,医事課,,医師等医療従事者働き方改革推進室,,企画係
116,4,4,男女共同参画局,男女間暴力対策課,,,,
117,9,9,事務局,参事官（個人情報）,,,,
118,9,9,事務局,総務課,,,,
119,8,8,警察庁,生活安全企画課,生活安全局,,,
120,8,8,警察庁,人事課,長官官房,（教養）,,
121,8,8,警察庁,技術企画課,長官官房,,,
122,8,8,警察庁,通信基盤課,長官官房,,,
123,8,8,警察庁,サイバー企画課,サイバー警察局,,,
124,29,29,職業安定局,障害者雇用対策課,,,,
125,8,8,警察庁,会計課　装備室,長官官房,,,
126,8,8,警察庁,会計課,長官官房,,,
127,24,24,大臣官房,文書課,,広報室,,
128,8,8,警察庁,犯罪鑑識官,刑事局,,,
129,8,8,警察庁,刑事企画課,刑事局,,,
130,8,8,,,,,,
131,8,8,警察庁,組織犯罪対策第一課,刑事局組織犯罪対策部,,,
132,8,8,警察庁,組織犯罪対策第二課,刑事局組織犯罪対策部,,,
133,8,8,警察庁,交通企画課,交通局,,,
134,8,8,警察庁,交通指導課,交通局,,,
135,8,8,警察庁,交通規制課,交通局,,,
136,8,8,警察庁,警備企画課,警備局,,,
137,8,8,警察庁,警備第一課,警備局警備運用部,,,
138,8,8,警察庁,警備第三課,警備局警備運用部,,,
139,8,8,皇宮警察本部,会計課,,,,
140,8,8,警察庁,犯罪被害者等施策推進課,長官官房,,,
141,8,8,警察庁,サイバー捜査課,サイバー警察局,,,
142,8,8,科学警察研究所,会計課,総務部,,,
143,8,8,警察庁,国際捜査管理官,刑事局組織犯罪対策部,,,
144,8,8,警察庁,企画課,長官官房,,,
145,11,11,監督局,総務課,,人材マッチング推進室,,
146,11,11,総合政策局,リスク分析総括課,,,,
147,11,11,監督局,総務課,,信用機構対応室,,
148,11,11,監督局,銀行第二課,,地域金融企画室,,
149,11,11,総合政策局,リスク分析総括課,,フィンテック参事官室,,
150,12,12,,消費者政策課,,,,
151,11,11,総合政策局,総合政策課,,,,
152,16,16,自治行政局,地域自立応援課,,,,
153,16,16,自治行政局,国際室,,,,
154,11,11,企画市場局,総務課,,,,総務係
155,11,11,総合政策局,総務課,,審判手続室,,
156,11,11,企画市場局,企業開示課,,,,
157,11,11,公認会計士・監査審査会事務局,総務試験課,,,,
158,11,11,総合政策局,リスク分析総括課,,ＩＴサイバー・経済安全保障監理官室,,
159,11,11,総合政策局,総合政策課,,研究開発室,,
160,11,11,監督局,総務課,,監督調査室,,
161,11,11,総合政策局,総務課,,国際室,,グローバル金融連携係
162,11,11,総合政策局,総務課,,国際室,,国際協力係
163,11,11,総合政策局,総務課,,国際室,,国際企画第２係
164,11,11,総合政策局,,,ＩＦＩＡＲ戦略企画本部　ＩＦＩＡＲ戦略企画室,,
165,11,11,総合政策局,総務課,,国際室,,
166,11,11,総合政策局,総務課,,国際室,,国際保険第１係
167,11,11,総合政策局,総務課,,国際資金洗浄対策室,,
168,11,11,総合政策局,総務課,,国際室,,総括係
169,12,12,,参事官（調査研究・国際担当）,,,,
170,12,12,,消費者制度課,,,,
171,12,12,,消費者教育推進課,,,,
172,12,12,,参事官（公益通報・協働担当）,,,,
173,12,12,,表示対策課,,,,
174,12,12,,地方協力課,,,,
175,12,12,,消費者安全課,,,,
176,12,12,,消費者安全課,,事故調査室,,
177,12,12,,取引対策課,,,,
178,15,15,,,,,予算会計企画班,
179,12,12,,食品表示課,,,,
180,15,15,,,,,復興特区班,
181,15,15,,,,,被災者支援・医療福祉班,
182,15,15,,,,,原子力災害復興班/福島地域担当,
183,15,15,,,,,原子力災害復興班/加速化交付金担当,
184,15,15,,,,,復興知見班,
185,15,15,,,,,原子力災害復興班/福島予算計画担当,
186,15,15,,,,,福島国際研究教育機構室,
187,38,38,海事局,安全政策課,,,,
188,26,26,国立教育政策研究所,データ基盤課,教育データサイエンスセンター,,,
189,16,16,行政管理局,調査法制課,,,,
190,16,16,行政評価局,総務課,,,,
191,16,16,自治行政局,行政課,,総務室,,
192,16,16,自治行政局,行政課,,,,
193,16,16,自治行政局,市町村課,,行政経営支援室,,
194,16,16,自治行政局,公務員課,公務員部,応援派遣室,,
195,16,16,自治行政局,住民制度課,,デジタル基盤推進室,,
196,16,16,自治行政局,地域政策課,,,,
197,16,16,自治行政局,地域自立応援課,,過疎対策室,,
198,16,16,自治行政局,管理課,選挙部,,,選挙管理第二係
199,16,16,自治行政局,地域自立応援課,,地域振興室,,
200,16,16,自治税務局,企画課,,総務室,,人事係
201,16,16,大臣官房,企画課,,サイバーセキュリティ・情報化推進室,,
202,16,16,情報流通行政局,地域通信振興課,,デジタル経済推進室,,
203,16,16,自治行政局,地域政策課,,地域情報化企画室,,
204,16,16,大臣官房,総務課,,管理室,,
205,16,16,国際戦略局,技術政策課,,,,
206,16,16,国際戦略局,通信規格課,,,,
207,14,14,戦略・組織,人事担当,,各省向け人材育成班,,
208,16,16,自治行政局,住民制度課,,,,
209,16,16,自治行政局,管理課,選挙部,,,
210,16,16,自治行政局,住民制度課,,マイナンバー制度支援室,,
211,16,16,自治財政局,財政課,,総務室,,
212,16,16,情報流通行政局,情報流通振興課,,情報活用支援室,,
213,16,16,サイバーセキュリティ統括官室,,,,,
214,16,16,国際戦略局,宇宙通信政策課,,,,
215,16,16,国際戦略局,技術政策課,,研究推進室,,
216,16,16,情報流通行政局,地域通信振興課,,,,
217,16,16,情報流通行政局,地上放送課,,,,
218,16,16,情報流通行政局,情報通信政策課,,情報通信経済室,,
219,16,16,情報流通行政局,情報流通振興課,,,,
220,16,16,情報流通行政局,情報通信作品振興課,,放送コンテンツ海外流通推進室,,
221,16,16,情報流通行政局,,,参事官,,
222,16,16,情報流通行政局,衛星・地域放送課,,地域放送推進室,,
223,16,16,情報流通行政局,放送政策課,,,,
224,16,16,情報流通行政局,情報通信作品振興課,,,,
225,16,16,総合通信基盤局,事業政策課,電気通信事業部,,,
226,16,16,総合通信基盤局,利用環境課,電気通信事業部,,,
227,16,16,総合通信基盤局,電気通信技術システム課,電気通信事業部,,,
228,16,16,総合通信基盤局,料金サービス課,電気通信事業部,消費者契約適正化推進室,,
229,16,16,総合通信基盤局,電波環境課,電波部,監視管理室,,
230,16,16,総合通信基盤局,電波政策課,電波部,電波利用料企画室,,
231,16,16,総合通信基盤局,電波環境課,電波部,,,
232,16,16,総合通信基盤局,移動通信課,電波部,,,
233,16,16,総合通信基盤局,電波政策課,電波部,,,開発係
234,16,16,総合通信基盤局,電波政策課,電波部,国際周波数政策室,,
235,16,16,総合通信基盤局,基幹・衛星移動通信課,電波部,,,
236,16,16,総合通信基盤局,基盤整備促進課,電気通信事業部,,,
237,16,16,総合通信基盤局,基幹・衛星移動通信課,電波部,基幹通信室,,
238,16,16,総合通信基盤局,電波政策課,電波部,,,
239,16,16,国際戦略局,国際戦略課,,,,
240,16,16,国際戦略局,国際経済課,,多国間経済室,,
241,16,16,国際戦略局,国際展開課,,,,
242,16,16,情報流通行政局,企画課,郵政行政部,,,
243,16,16,情報流通行政局,郵便課,郵政行政部,国際企画室,,
244,16,18,消防庁,予防課,,危険物保安室,,
245,16,18,消防庁,予防課,,特殊災害室,,
246,16,16,政策統括官（恩給担当）室,恩給管理官室,,恩給経理官室,,
247,16,16,統計局,調査企画課,統計調査部,,,
248,16,16,政策統括官（統計制度担当）室,統計企画管理官室,,,,
249,16,16,政策統括官（統計制度担当）室,国際統計管理官室,,国際研修協力官室,,
250,16,16,統計局,統計情報システム管理官,,,,
251,16,18,消防庁,消防・救急課,,,,
252,23,23,経済局,政策課,,資源安全保障室,,
253,16,18,消防庁,防災課,国民保護・防災部,地域防災室,,
254,16,18,消防庁,防災課,国民保護・防災部,国民保護運用室,,
255,16,18,消防庁,防災課,国民保護・防災部,防災情報室,,
256,16,18,消防庁,予防課,,,,
257,16,18,消防庁消防大学校,,消防研究センター,,,
258,16,17,公害等調整委員会事務局,総務課,,,,
259,16,16,政策統括官（統計制度担当）室,国際統計管理官室,,,,
260,16,16,自治大学校,,研究部,,,
261,16,16,統計局,総務課,,,,企画調整係
262,16,16,自治行政局,政治資金課,選挙部,政党助成室,,
263,16,16,国際戦略局,参事官,,,,
264,31,31,大臣官房,新事業・食品産業政策課,新事業・食品産業部,,,
265,16,16,総合通信基盤局,安全・信頼性対策課,電気通信事業部,,,
266,19,19,民事局,総務課,,,,給与係
267,19,19,刑事局,総務課,,,,予算第二係
268,19,19,大臣官房,司法法制課,司法法制部,,,総合法律支援第一係
269,19,19,大臣官房,人事課,,,,司法試験第一係
270,19,19,大臣官房,審査監督課,司法法制部,,,紛争解決業務認証第二係
271,19,19,大臣官房,司法法制課,司法法制部,,,司法制度第二係
272,19,19,大臣官房,国際課,,,,国際政策第二係
273,19,19,法務総合研究所,総務課,総務企画部,,,経理係
274,19,19,大臣官房,秘書課,,企画再犯防止推進室,,
275,19,19,矯正局,総務課,,,,予算係
276,19,19,保護局,総務課,,,,予算係
277,19,22,,総務課,総務部,,,予算第一・第二係
278,19,19,民事局,総務課,,登記情報管理室,,資金係
279,19,19,民事局,総務課,,登記情報管理室,,管理係
280,19,19,民事局,総務課,,,,予算係
281,19,19,大臣官房,審査監督課,司法法制部,,,債権回収企画係
282,19,19,人権擁護局,調査救済課,,,,調査救済第一係
283,19,19,人権擁護局,総務課,,,,委員係
284,19,19,人権擁護局,人権啓発課,,,,人権啓発第一係
285,19,19,人権擁護局,人権啓発課,,,,人権啓発第二係
286,19,19,訟務局,訟務企画課,,,,予算係
287,19,19,出入国在留管理庁,総務課,,,,調達係
288,19,19,大臣官房,国際課,,,,国際政策第一係
289,19,19,大臣官房,国際課,,,,国際政策第四係
290,19,19,大臣官房,施設課,,,,予算第二係
291,19,19,大臣官房,秘書課,,政策立案・情報管理室,,
292,23,23,アジア大洋州局,地域政策参事官室,,,,
293,23,23,アジア大洋州局,北東アジア第二課,,,,
294,23,23,アジア大洋州局,北東アジア第一課,,,,
295,23,23,アジア大洋州局,南東アジア第二課,南部アジア部,,,
296,23,23,アジア大洋州局,中国・モンゴル第一課,,,,
297,23,23,アジア大洋州局,南東アジア第一課,南部アジア部,,,
298,23,23,アジア大洋州局,南西アジア課,南部アジア部,,,
299,23,23,アジア大洋州局,大洋州課,,,,
300,26,26,総合教育政策局,生涯学習推進課,,専修学校教育振興室,,専修学校第２係
301,23,23,北米局,北米第一課,,,,
302,23,23,大臣官房,文化交流・海外広報課,,人物交流室,,
303,23,23,北米局,北米第二課,,,,
304,23,23,中南米局,中米カリブ課,,,,
305,23,23,中南米局,南米課,,,,
306,23,23,欧州局,西欧課,,,,
307,23,23,欧州局,中・東欧課,,,,
308,23,23,欧州局,ロシア課,,日露経済室,,
309,23,23,欧州局,ロシア課,,,,
310,23,23,欧州局,ロシア課,,中央アジア・コーカサス室,,
311,23,23,中東アフリカ局,中東第一課,,,,
312,23,23,中東アフリカ局,中東第二課,,,,
313,23,23,総合外交政策局,総務課,,政策企画室,,
314,23,23,中東アフリカ局,アフリカ第一課,アフリカ部,,,
315,23,23,総合外交政策局,総務課,,,,
316,23,23,総合外交政策局,安全保障政策課,,,,
317,23,23,総合外交政策局,安全保障政策課,,経済安全保障政策室,,
318,23,23,総合外交政策局,安全保障政策課,,宇宙・海洋安全保障政策室,,
319,23,23,総合外交政策局,安全保障協力課,,国際平和協力室,,
320,23,23,総合外交政策局,安全保障政策課,,国際安全・治安対策協力室,,
321,23,23,総合外交政策局,国連企画調整課,,,,
322,23,23,総合外交政策局,人権人道課,,,,
323,23,23,総合外交政策局,人権人道課,,女性参画推進室,,
324,23,23,総合外交政策局,不拡散・科学原子力課,軍縮不拡散・科学部,,,
325,23,23,総合外交政策局,軍備管理軍縮課,軍縮不拡散・科学部,,,
326,23,23,総合外交政策局,不拡散・科学原子力課,軍縮不拡散・科学部,国際原子力協力室,,
327,23,23,総合外交政策局,不拡散・科学原子力課,軍縮不拡散・科学部,国際科学協力室,,
328,23,23,経済局,経済連携課,,,,
329,23,23,経済局,国際貿易課,,,,
330,23,23,経済局,政策課,,,,
331,23,23,経済局,政策課,,官民連携推進室,,
332,23,23,経済局,国際経済課,,欧州連合経済室,,
333,43,43,地球環境局,地球温暖化対策課,,地球温暖化対策事業室,,
334,23,23,経済局,政策課,,漁業室,,
335,23,23,経済局,国際経済課,,経済協力開発機構室,,
336,26,26,総合教育政策局,生涯学習推進課,,専修学校教育振興室,,専修学校第１係
337,23,23,経済局,国際経済課,,,,
338,23,23,経済局,経済連携課,,アジア太平洋経済協力室,,
339,23,23,国際法局,経済紛争処理課,,,,
340,23,23,国際法局,国際法課,,,,
341,23,23,大臣官房,広報文化外交戦略課,,国内広報室,,
342,23,23,大臣官房,広報文化外交戦略課,,,,
343,23,23,大臣官房,広報文化外交戦略課,,戦略的対外発信拠点室,,
344,23,23,大臣官房,広報文化外交戦略課,,IT広報室,,
345,23,23,大臣官房,文化交流・海外広報課,,,,
346,23,23,大臣官房,報道課,,,,
347,23,23,大臣官房,,,国際報道官室,,
348,23,23,領事局,旅券課,,,,
349,23,23,領事局,政策課,,,,
350,23,23,領事局,政策課,,ハーグ条約室,,
351,23,23,領事局,海外邦人安全課,,,,
352,23,23,領事局,外国人課,,,,
353,23,23,国際協力局,開発協力総括官室,,,,
354,23,23,国際協力局,政策課,,,,
355,23,23,大臣官房,,,ＯＤＡ評価室,,
356,23,23,国際協力局,政策課,,ＮＧＯ協力推進室,,
357,23,23,国際協力局,国別開発協力第三課,,,,
358,23,23,国際協力局,政策課,,開発協力企画室,,
359,23,23,国際協力局,国別開発協力第二課,,,,
360,23,23,国際協力局,政策課,,事業管理室,,
361,23,23,国際協力局,緊急・人道支援課,,,,
362,23,23,国際協力局,気候変動課,,,,
363,23,23,国際協力局,地球環境課,,,,
364,23,23,総合外交政策局,軍備管理軍縮課,軍縮不拡散・科学部,生物・化学兵器禁止条約室,,
365,23,23,国際法局,国際法課,,海洋法室,,
366,23,23,欧州局,政策課,,,,
367,23,23,総合外交政策局,軍備管理軍縮課,軍縮不拡散・科学部,通常兵器室,,
368,23,23,中南米局,中米カリブ課,,カリブ室,,
369,23,23,大臣官房,文化交流・海外広報課,,対日理解促進交流室,,
370,23,23,総合外交政策局,国連政策課,,,,
371,23,23,欧州局,政策課,,アジア欧州協力室,,
372,23,23,国際協力局,地球規模課題総括課,,,,
373,23,23,国際協力局,国別開発協力第一課,,,,
374,23,23,大臣官房,文化交流・海外広報課,,国際文化協力室,,
375,23,23,国際協力局,国際保健戦略官室,,,,
376,23,23,総合外交政策局,国連企画調整課,,国際機関人事センター,,
377,38,42,,管理課,警備救難部,,,管理係
378,23,23,大臣官房,会計課,,,管理室,
379,23,23,大臣官房,在外公館課,,,営繕室,
380,23,23,北米局,日米安全保障条約課,,日米地位協定室,,
381,23,23,大臣官房,,,Ｇ７広島サミット事務局,,
382,24,24,主税局,調査課,,,,
383,24,25,国税庁,広報広聴室,長官官房,,,
384,24,25,国税庁,主任税務相談官,長官官房,,,
385,24,25,国税庁,酒税課酒類業振興・輸出促進室,課税部,,,
386,24,25,国税庁,酒税課,課税部,,,
387,26,28,,著作権課,,,,著作権登録係
388,24,25,国税庁,鑑定企画官,課税部,,,
389,24,24,理財局,国有財産企画課,,,,
390,24,24,理財局,国有財産調整課,,,,
391,24,24,理財局,国有財産業務課,,,,
392,24,24,理財局,国庫課,,,,
393,24,24,理財局,国庫課,,通貨企画調整室,,
394,24,24,関税中央分析所,,,第一調査研究室,,
395,24,24,関税局,監視課,,,,
396,24,24,国際局,開発機関課,,,,
397,24,24,国際局,国際機構課,,,,
398,24,24,国際局,地域協力課,,,,
399,24,24,国際局,国際機構課,,資金移転対策室,,
400,24,24,主税局,参事官室,,,,
401,24,24,関税局,関税課,,参事官室（国際協力担当）,,
402,24,24,国際局,開発政策課,,,,
403,24,24,大臣官房,政策金融課,,,,
404,24,24,大臣官房,信用機構課,,,,
405,24,24,主計局,給与共済課,,,,
406,31,31,大臣官房,食品製造課,新事業・食品産業部,,,
407,24,24,大臣官房,会計課,,管理室,,
408,24,24,大臣官房,地方課,,,,
409,24,24,関税局,総務課,,,,
410,24,25,国税庁,会計課,長官官房,,,
411,24,24,主計局,調査課,,,,
412,26,26,総合教育政策局,参事官（調査企画担当）,,,,統計情報分析係
413,26,26,総合教育政策局,参事官（調査企画担当）,,,,外国調査第1係
414,26,26,総合教育政策局,参事官（調査企画担当）,,,,学校基本調査係
415,26,26,総合教育政策局,参事官（調査企画担当）,,,,専門調査係
416,26,26,総合教育政策局,参事官（調査企画担当）,,,,調査調整係
417,26,26,総合教育政策局,参事官（調査企画担当）,,,,
418,26,26,総合教育政策局,参事官（調査企画担当）,,,,庶務係
419,26,26,総合教育政策局,参事官（調査企画担当）,,学力調査室,,学力調査企画係
420,26,26,国立教育政策研究所,研究支援課,総務部,,,研究支援係
421,26,26,総合教育政策局,国際教育課,,,,在外教育施設企画調査係
422,26,26,総合教育政策局,国際教育課,,,,庶務・助成係
423,26,26,総合教育政策局,国際教育課,,,,国際理解教育係
424,26,26,総合教育政策局,地域学習推進課,,,,社会教育人材研修係
425,26,26,総合教育政策局,教育人材政策課,,,,改革推進係
426,26,26,総合教育政策局,教育人材政策課,,教員免許・研修企画室,,法規係
427,26,26,総合教育政策局,教育人材政策課,,,,庶務・助成係
428,26,26,総合教育政策局,生涯学習推進課,,,,放送大学振興係
429,26,26,総合教育政策局,生涯学習推進課,,,,生涯学習推進係
430,26,26,総合教育政策局,生涯学習推進課,,,,認定試験第１係
431,26,26,総合教育政策局,生涯学習推進課,,,,職業教育推進係
432,26,26,総合教育政策局,地域学習推進課,,地域学校協働推進室,,地域学校協働事業係
433,26,26,総合教育政策局,地域学習推進課,,家庭教育支援室,,家庭教育振興係
434,26,26,総合教育政策局,地域学習推進課,,青少年教育室,,事業係
435,26,26,総合教育政策局,地域学習推進課,,,,地域学習推進係
436,26,26,総合教育政策局,地域学習推進課,,,,図書館振興係
437,26,26,大臣官房,参事官（施設防災担当）,文教施設企画・防災部,,,防災機能強化係
438,26,26,総合教育政策局,地域学習推進課,,青少年教育室,,施設係
439,26,26,科学技術・学術政策局,参事官（国際戦略担当）,,,,
440,26,26,総合教育政策局,男女共同参画共生社会学習・安全課,,,,消費者教育推進係
441,26,26,総合教育政策局,男女共同参画共生社会学習・安全課,,障害者学習支援推進室,,障害者学習支援第１係
442,26,26,総合教育政策局,男女共同参画共生社会学習・安全課,,安全教育推進室,,交通安全係
443,26,26,総合教育政策局,男女共同参画共生社会学習・安全課,,安全教育推進室,,推進係
444,26,26,総合教育政策局,国際教育課,,,,外国人児童生徒教育企画係
445,26,26,総合教育政策局,男女共同参画共生社会学習・安全課,,男女共同参画学習室,,男女共同参画推進係
446,26,26,総合教育政策局,男女共同参画共生社会学習・安全課,,,,庶務係
447,26,26,初等中等教育局,教育課程課,,教育課程企画室,,
448,26,26,初等中等教育局,教育課程課,,,,
449,26,26,初等中等教育局,教育課程課,,,,庶務・助成係
450,26,26,初等中等教育局,教育課程課,,,,教育課程第二係
451,26,26,初等中等教育局,参事官（高等学校担当）,,,,
452,26,26,初等中等教育局,教育課程課,,外国語教育推進室,,
453,26,26,初等中等教育局,教科書課,,,,無償給与係
454,26,26,初等中等教育局,参事官（高等学校担当）,,産業教育振興室,,助成係
455,26,26,初等中等教育局,財務課,,,,校務調整係
456,26,26,初等中等教育局,学校情報基盤・教材課,,,,庶務・助成係
457,26,26,初等中等教育局,教育課程課,,情報教育振興室,,
458,26,26,国立教育政策研究所,,教育課程研究センター,研究開発部　研究開発課,,企画係
459,26,26,国立教育政策研究所,情報支援課,研究企画開発部,,,企画係
460,26,26,初等中等教育局,児童生徒課,,生徒指導室,,生徒指導企画係
461,26,26,初等中等教育局,教育課程課,,,,教育課程第一係
462,26,26,初等中等教育局,児童生徒課,,,,キャリア教育推進係
463,26,26,初等中等教育局,児童生徒課,,,,指導係
464,26,26,国立教育政策研究所,企画課,生徒指導・進路指導研究センター,,,企画係
465,26,26,初等中等教育局,健康教育・食育課,,,,保健指導係
466,26,26,初等中等教育局,健康教育・食育課,,,,学校給食係
467,26,26,初等中等教育局,健康教育・食育課,,,,保健管理係
468,26,26,初等中等教育局,初等中等教育企画課,,,,総務係
469,26,26,初等中等教育局,財務課,,教育財政室,,公立共済係
470,26,26,初等中等教育局,財務課,,,,給与総括係
471,26,26,初等中等教育局,財務課,,,,企画調査係
472,26,26,大臣官房,施設企画課,文教施設企画・防災部,,,指導第一係
473,26,26,大臣官房,参事官（施設防災担当）,文教施設企画・防災部,,,施設防災企画係
474,26,26,大臣官房,施設企画課,文教施設企画・防災部,,,環境施設企画係
475,26,26,大臣官房,施設助成課,文教施設企画・防災部,,,予算総括係
476,26,26,大臣官房,参事官（施設防災担当）,文教施設企画・防災部,,,災害復旧係
477,26,26,国立教育政策研究所,,文教施設研究センター,,,企画係
478,26,26,初等中等教育局,財務課,,,,庶務・助成係
479,26,26,初等中等教育局,財務課,,,,
480,26,26,初等中等教育局,参事官（高等学校担当）,,高校修学支援室,,高校奨学金係
481,26,26,高等教育局,学生支援課,,,,法人係
482,26,26,初等中等教育局,幼児教育課,,,,振興係
483,26,26,国立教育政策研究所,,幼児教育研究センター,,,
484,26,26,初等中等教育局,特別支援教育課,,,,庶務係
485,26,26,初等中等教育局,特別支援教育課,,,,支援第一係
486,26,26,初等中等教育局,特別支援教育課,,,,支援第二係
487,26,26,大臣官房,参事官（施設防災担当）,文教施設企画・防災部,,,整備企画係
488,26,26,大臣官房,計画課,文教施設企画・防災部,,,
489,26,26,高等教育局,高等教育企画課,,高等教育政策室,,
490,26,26,高等教育局,専門教育課,,専門職大学院室,,推進係
491,26,26,高等教育局,医学教育課,,大学病院支援室,,病院第二係
492,26,26,高等教育局,医学教育課,,,,医学教育係
493,26,26,高等教育局,高等教育企画課,,,,
494,26,26,高等教育局,学生支援課,,高等教育修学支援室,,
495,26,26,高等教育局,大学教育・入試課,,,,学務係
496,26,26,高等教育局,医学教育課,,,,看護教育係
497,26,26,高等教育局,大学教育・入試課,,大学入試室,,入試第一係
498,26,26,高等教育局,大学教育・入試課,,,,企画係・放送大学係
499,26,26,高等教育局,学生支援課,,,,厚生係
500,26,26,高等教育局,参事官,,,,国際交流係
501,26,26,高等教育局,参事官,,,,調整係
502,26,26,高等教育局,国立大学法人支援課,,,,
503,26,26,高等教育局,専門教育課,,,,高等専門学校第一係
504,26,26,高等教育局,専門教育課,,,,科学・技術教育係
505,26,26,高等教育局,国立大学法人支援課,,,,総括係
506,26,26,研究振興局,大学研究基盤整備課,,,,機構総括係
507,26,26,研究振興局,大学研究基盤整備課,,,,庶務・研究設備係
508,26,26,大臣官房,政策課,,サイバーセキュリティ・情報化推進室,,サイバーセキュリティ第一係
509,26,26,高等教育局,学生支援課,,,,奨学事業係
510,26,26,高等教育局,私学行政課,私学部,私学共済室,,共済管理係
511,26,26,高等教育局,私学助成課,私学部,,,助成第二係
512,26,26,高等教育局,私学助成課,私学部,,,助成第一係
513,26,26,高等教育局,私学助成課,私学部,,,助成第四係
514,26,26,高等教育局,私学助成課,私学部,,,助成第三係
515,26,26,高等教育局,私学行政課,私学部,,,総務係
516,26,27,,参事官（地域振興担当）,,,,施設整備係
517,26,26,科学技術・学術政策局,産業連携・地域振興課,,,,総括係
518,26,26,科学技術・学術政策局,,,産業連携・地域振興課　研究交流センター,,
519,26,26,科学技術・学術政策局,産業連携・地域振興課,,産業連携推進室,,企画調査係
520,26,26,科学技術・学術政策局,人材政策課,,,,総括係
521,26,26,研究振興局,基礎・基盤研究課,,,,理研係
522,26,26,研究振興局,学術研究推進課,,,,学術研究推進係
523,26,26,科学技術・学術政策局,人材政策課,,,,科学技術社会連携係
524,26,26,科学技術・学術政策局,科学技術・学術戦略官（制度改革・調査担当）,,,,
525,26,26,科学技術・学術政策局,研究環境課,,競争的研究費調整室,,指導企画係
526,26,26,科学技術・学術政策局,研究開発戦略課,,,,
527,26,26,科学技術・学術政策局,研究開発戦略課,,政策科学推進室,,
528,26,26,科学技術・学術政策研究所,企画課,,,,
529,26,26,科学技術・学術政策局,人材政策課,,人材政策推進室,,
530,26,26,研究振興局,振興企画課,,奨励室,,
531,26,26,研究振興局,基礎・基盤研究課,,,,
532,26,26,研究振興局,学術研究推進課,,企画室,,調査分析係
533,26,26,研究振興局,学術研究推進課,,,,
534,26,26,研究振興局,大学研究基盤整備課,,,,
535,26,26,研究振興局,振興企画課,,学術企画室,,
536,26,26,研究振興局,参事官（情報担当）,,学術基盤整備室,,
537,26,26,研究振興局,振興企画課,,,,学術振興係
538,26,26,科学技術・学術政策局,政策課,,資源室,,
539,26,26,科学技術・学術政策局,研究環境課,,,,研究基盤整備・利用係
540,26,26,科学技術・学術政策局,研究環境課,,,,総括・交流係
541,26,26,研究振興局,参事官（情報担当）,,計算科学技術推進室,,
542,26,26,研究振興局,基礎・基盤研究課,,量子研究推進室,,
543,26,26,科学技術・学術政策局,研究開発戦略課,,戦略研究推進室,,
544,26,26,研究振興局,基礎・基盤研究課,,素粒子・原子核研究推進室,,
545,26,26,研究振興局,参事官（情報担当）,,,,
546,26,26,研究開発局,海洋地球課,,,,
547,26,26,研究振興局,参事官（ナノテクノロジー・物質・材料担当）,,,,
548,26,26,研究開発局,環境エネルギー課,,,,
549,26,26,研究開発局,宇宙開発利用課,,,,
550,26,26,研究開発局,地震火山防災研究課,,,,
551,26,26,研究開発局,研究開発戦略官（核融合・原子力国際協力担当）,,,,
552,26,26,研究振興局,ライフサイエンス課,,,,
553,26,26,研究開発局,原子力課,,,,
554,26,26,研究開発局,研究開発戦略官（核燃料サイクル・廃止措置担当）,,,,
555,26,26,研究開発局,原子力課,,立地地域対策室,,
556,29,29,医政局,医薬産業振興・医療情報企画課,,,,調査統計係
557,26,27,,政策課,,企画調整室,,
558,26,27,,政策課,,企画調整室,,調査係
559,26,27,,健康スポーツ課,,,,連携推進係
560,26,27,,地域スポーツ課,,,,学校運動部活動係
561,26,27,,政策課,,企画調整室,,政策調整係
562,26,27,,健康スポーツ課,,,,健康・体力つくり係
563,26,27,,参事官（地域振興担当）,,,,地域振興係
564,26,27,,参事官（民間スポーツ担当）,,,,スポーツ人材係
565,26,27,,健康スポーツ課,,,,庶務係
566,26,27,,参事官（地域振興担当）,,,,施設企画係
567,26,27,,参事官（国際担当）,,,,国際競技大会招致推進係
568,26,27,,健康スポーツ課,,障害者スポーツ振興室,,障害者スポーツ係
569,26,27,,参事官（民間スポーツ担当）,,,,経営改善係
570,26,27,,競技スポーツ課,,,,支援第一係
571,26,27,,競技スポーツ課,,,,スポーツ科学係
572,26,27,,競技スポーツ課,,,,整備係
573,26,27,,競技スポーツ課,,,,庶務係
574,26,27,,政策課,,,,管理係
575,26,27,,競技スポーツ課,,,,競技団体組織基盤強化係
576,26,27,,参事官（国際担当）,,,,アンチ・ドーピング推進係
577,26,28,,参事官（生活文化創造担当）,,,,
578,26,28,,参事官（芸術文化担当）,,,,舞台芸術係
579,26,28,,参事官（芸術文化担当）,,,学校芸術教育室,文化活動振興係
580,26,28,,企画調整課,,,,総括係
581,26,28,,参事官（芸術文化担当）,,,,映画振興係
582,26,28,,参事官（芸術文化担当）,,,,メディア芸術発信係
583,26,28,,参事官（芸術文化担当）,,,学校芸術教育室,芸術教育推進係
584,26,28,,文化経済・国際課,,グローバル展開推進室,,
585,26,28,,国語課,,,,日本語教育指導・普及係
586,26,26,総合教育政策局,日本語教育課,,,,管理係
587,26,28,,文化資源活用課,,,,総務係
588,26,28,,文化財第一課,,,,総括係
589,26,28,,政策課,,文化発信室,,
590,26,28,,文化資源活用課,,,,
591,26,28,,企画調整課,,国立アイヌ民族博物館,,アイヌ文化振興係
592,26,28,,文化財第一課,,,,審議会係
593,26,28,,文化財第二課,,,,総括係
594,26,28,,政策課,,,,
595,26,28,,企画調整課,,国立近現代建築資料館,,
596,26,28,,宗務課,,,,調査係
597,26,28,,企画調整課,,,,事業係
598,26,28,,参事官（文化拠点担当）,,,,文化観光拠点支援係
599,26,28,,,,,,日本芸術院/庶務係
600,26,28,,企画調整課,,博物館・独立行政法人連絡室,,独法二係
601,26,28,,企画調整課,,博物館・独立行政法人連絡室,,独法一係
602,26,26,大臣官房,国際課,,,,総務係
603,26,26,大臣官房,国際課,,,,企画調査係
604,26,26,大臣官房,国際課,,,,外国人教育政策推進第一係
605,26,26,高等教育局,参事官,,留学生交流室,,国費留学生係
606,26,26,高等教育局,参事官,,留学生交流室,,私費留学生係
607,26,26,高等教育局,参事官,,留学生交流室,,政策調査係
608,26,26,高等教育局,参事官,,留学生交流室,,留学交流支援係
609,26,26,大臣官房,国際課,,,,国際機関係
610,26,26,大臣官房,国際課,,,,海外協力政策係
611,26,26,国際統括官,,,,,ユネスコ第１係
612,26,26,国際統括官,,,,,ユネスコ振興推進係
613,26,26,総合教育政策局,参事官（調査企画担当）,,,,国際教育統計担当
614,26,26,総合教育政策局,教育人材政策課,,,,企画係
615,26,26,初等中等教育局,幼児教育課,,,,企画調整係
616,26,26,初等中等教育局,参事官（高等学校担当）,,高等学校改革推進室,,
617,26,27,,参事官（国際担当）,,,,
618,26,27,,参事官（国際担当）,,,,アンチ・ドーピング企画調整係
619,26,28,,参事官（生活文化連携担当）,,,,総括係
620,26,28,,文化経済・国際課,,文化芸術活動基盤強化室,,経営改善・市場流通係
621,43,43,大臣官房,地域脱炭素事業推進課,,,,
622,26,26,総合教育政策局,教育人材政策課,,教員免許・研修企画室,,教職員研修係
623,26,26,大臣官房,国際課,,,,外国人教育政策企画係
624,26,26,高等教育局,専門教育課,,,,情報教育推進第一係
625,26,26,研究振興局,大学研究基盤整備課,,大学研究力強化室,,研究力強化企画係
626,26,27,,地域スポーツ課,,,,庶務係
627,26,27,,地域スポーツ課,,,,地域スポーツ振興係
628,26,27,,地域スポーツ課,,,,地域運動部活動推進係
629,26,28,,企画調整課,,博物館振興室,,
630,26,26,国際統括官,,,,,企画係
631,29,29,医政局,地域医療計画課,,救急・周産期医療等対策室,,
632,29,29,医政局,地域医療計画課,,救急・周産期医療等対策室,,小児・周産期医療係
633,29,29,医政局,地域医療計画課,,新興感染症等医療対策室,,新興感染症等医療企画係
634,29,29,医政局,地域医療計画課,,医師確保等地域医療対策室,,
635,29,29,医政局,歯科保健課,,,,
636,29,29,医政局,看護課,,,,
637,29,29,医政局,地域医療計画課,,医療関連サービス室,,
638,29,29,医政局,地域医療計画課,,災害等緊急時医療・周産期医療等対策室,,
639,29,29,医政局,総務課,,,,
640,29,29,医政局,医療経営支援課,,医療法人支援室,,
641,29,29,医政局,地域医療計画課,,外来・在宅医療対策室,,在宅医療係
642,29,29,医政局,歯科保健課,,歯科口腔保健推進室,,
643,29,29,医政局,医事課,,医師臨床研修推進室,,臨床研修係
644,29,29,医政局,地域医療計画課,,,,
645,29,29,社会・援護局,地域福祉課,,,,
646,29,30,事務局,総務課,,,,
647,29,29,医政局,看護課,,看護サービス推進室,,
648,29,29,保険局,医療介護連携政策課,,保険データ企画室,,
649,29,29,医政局,医事課,,,,
650,29,29,医政局,研究開発政策課,,,,臨床研究管理係
651,29,29,医政局,医薬産業振興・医療情報企画課,,,,
652,29,29,医政局,参事官（特定医薬品開発支援・医療情報担当）,,医療情報室,,
653,29,29,医政局,地域医療計画課,,精神科医療等対策室,,
654,31,31,輸出・国際局,輸出支援課,,,,
655,31,31,輸出・国際局,国際地域課,,,規制対策グループ（グループ長）,
656,29,29,医政局,医事課,,試験免許室,,国家試験係
657,29,29,医政局,看護課,,,,看護教育係
658,29,29,医薬局,総務課,,,,試験免許係
659,29,29,大臣官房,地方課,,地方厚生局管理室,,
660,29,29,医政局,医事課,,死因究明等企画調査室,,
661,29,29,医政局,看護課,,,,試験免許係
662,29,29,医政局,看護課,,,,看護企画係
663,29,29,医政局,医事課,,,,医事係
664,29,29,医政局,地域医療計画課,,医療安全推進・医務指導室,,
665,29,29,大臣官房,,,情報化担当参事官室,,
666,29,29,健康・生活衛生局,感染症対策課,感染症対策部,パンデミック対策推進室,備蓄・流通対策班,流通・備蓄調整係
667,29,29,大臣官房,厚生科学課,,国立高度専門医療研究センター支援室,,
668,29,29,健康・生活衛生局,感染症対策課,感染症対策部,,,
669,29,29,健康・生活衛生局,感染症対策課,感染症対策部,エイズ対策推進室,,調査総務係
670,29,29,健康・生活衛生局,感染症対策課,感染症対策部,,総務班,管理係
671,29,29,健康・生活衛生局,感染症対策課,感染症対策部,感染症情報管理室,,情報管理係
672,29,29,健康・生活衛生局,予防接種課,感染症対策部,,,
673,29,29,健康・生活衛生局,予防接種課,感染症対策部,,,健康被害救済給付第一係
674,29,29,健康・生活衛生局,感染症対策課,感染症対策部,結核対策推進室,,結核対策係
675,29,29,健康・生活衛生局,がん・疾病対策課,,肝炎対策推進室,,
676,29,29,健康・生活衛生局,がん・疾病対策課,,Ｂ型肝炎訴訟対策室,,
677,29,29,健康・生活衛生局,企画・検疫課,感染症対策部,検疫所管理室,,
678,29,29,健康・生活衛生局,感染症対策課,感染症対策部,,総務班,予算係
679,29,29,医薬局,総務課,,医薬品副作用被害対策室,,
680,29,29,健康・生活衛生局,難病対策課,,,,ハンセン病係
681,29,29,健康・生活衛生局,難病対策課,,,,難病調査研究係
682,29,29,健康・生活衛生局,がん・疾病対策課,,,,
683,29,29,医政局,医療経営支援課,,国立ハンセン病療養所対策室,,
684,29,29,健康・生活衛生局,難病対策課,,,,
685,29,29,健康・生活衛生局,難病対策課,,,,小児慢性特定疾病係
686,29,29,健康・生活衛生局,難病対策課,,,,補償金支給係
687,29,29,健康・生活衛生局,難病対策課,,移植医療対策推進室,,臓器移植係
688,29,29,健康・生活衛生局,難病対策課,,移植医療対策推進室,,造血幹細胞移植係
689,29,29,健康・生活衛生局,総務課,,指導調査室,,援護予算係
690,29,29,医薬局,医薬品審査管理課,,,,
691,29,29,医薬局,医療機器審査管理課,,,,
692,29,29,医薬局,総務課,,,,
693,29,29,医薬局,医薬安全対策課,,,,総務係
694,29,29,医薬局,監視指導・麻薬対策課,,,,企画係
695,29,29,医薬局,監視指導・麻薬対策課,,,,薬事監視第一係
696,29,29,医薬局,監視指導・麻薬対策課,,,,
697,29,29,医薬局,監視指導・麻薬対策課,,,,薬事監視第二係
698,29,29,雇用環境・均等局,総務課,,,,
699,29,29,医薬局,血液対策課,,,,総務係
700,29,29,医政局,医薬産業振興・医療情報企画課,,,,薬価係
701,29,29,雇用環境・均等局,在宅労働課,,,,
702,29,29,医政局,研究開発政策課,,医療イノベーション推進室,,
703,29,29,医政局,研究開発政策課,,再生医療等研究推進室,,
704,29,29,医政局,研究開発政策課,,,,先進医療係
705,29,29,医政局,医薬産業振興・医療情報企画課,,医療機器政策室,,材料価格係
706,29,29,保険局,総務課,,,,医療保険財政係
707,29,29,保険局,高齢者医療課,,,,
708,29,29,保険局,国民健康保険課,,,,監理係
709,29,29,保険局,保険課,,全国健康保険協会管理室,,運営管理第二係
710,29,29,保険局,保険課,,,,健康保険組合係
711,29,29,保険局,総務課,,,,庶務係
712,29,29,保険局,保険課,,,,
713,29,29,保険局,国民健康保険課,,,,庶務係
714,29,29,保険局,医療課,,,,庶務係
715,29,29,保険局,,,,,
716,29,29,保険局,調査課,,,,
717,29,29,保険局,医療課,,医療指導監査室,,指導監査係
718,29,29,保険局,医療課,,,,企画法令第二係
719,29,29,保険局,医療課,,保険医療企画調査室,,
720,29,29,保険局,医療課,,,,
721,29,29,保険局,保険課,,全国健康保険協会管理室,,運営管理第三係
722,29,29,保険局,国民健康保険課,,,,国民健康保険組合係
723,29,29,保険局,国民健康保険課,,,,財政第一係
724,29,29,保険局,総務課,,社会保険審査調整室,,
725,29,29,保険局,医療介護連携政策課,,医療費適正化対策推進室,,
726,29,29,保険局,医療介護連携政策課,,,,
727,29,29,保険局,国民健康保険課,,,,
728,29,29,健康・生活衛生局,健康課,,保健指導室,,
729,29,29,健康・生活衛生局,健康課,,地域保健室,,
730,29,29,健康・生活衛生局,総務課,,指導調査室,,
731,29,29,健康・生活衛生局,健康課,,,,健康指導係
732,29,29,健康・生活衛生局,健康課,,栄養指導室,,
733,29,29,大臣官房,厚生科学課,,健康危機管理・災害対策室,,
734,29,29,健康・生活衛生局,食品監視安全課,,,,情報管理係
735,12,12,,食品衛生基準審査課,,,,
736,29,29,健康・生活衛生局,総務課,,,,指導係
737,38,38,水管理・国土保全局,水道事業課,,,,
738,43,43,水・大気環境局,環境管理課,,水道水質・衛生管理室,,
739,38,38,水管理・国土保全局,上下水道企画課,,上下水道国際室,,
740,29,29,医薬局,監視指導・麻薬対策課,,,,総務係
741,29,29,医薬局,監視指導・麻薬対策課,,,,薬物乱用防止係
742,29,29,医薬局,監視指導・麻薬対策課,,,,麻薬流通指導係
743,29,29,医薬局,監視指導・麻薬対策課,,,,麻薬取締部管理係
744,29,29,医薬局,医薬品審査管理課,,化学物質安全対策室,,
745,29,29,健康・生活衛生局,生活衛生課,,,,管理係
746,29,29,健康・生活衛生局,生活衛生課,,,,指導係
747,29,29,労働基準局,賃金課,,,,
748,29,29,労働基準局,監督課,,,,
749,29,29,政策統括官,,,賃金福祉統計室,,就労条件係
750,29,29,雇用環境・均等局,雇用機会均等課,,,,
751,29,29,労働基準局,計画課,安全衛生部,,,
752,29,29,労働基準局,安全課,安全衛生部,,,業務第一係
753,29,29,労働基準局,労働衛生課,安全衛生部,電離放射線労働者健康対策室,,
754,29,29,労働基準局,労働衛生課,安全衛生部,産業保健支援室,,
755,29,29,労働基準局,化学物質対策課,安全衛生部,,,
756,29,29,労働基準局,労働衛生課,安全衛生部,,,
757,29,29,労働基準局,労働衛生課,安全衛生部,メンタルヘルス対策・治療と仕事の両立支援推進室,,
758,29,29,労働基準局,安全課,安全衛生部,建設安全対策室,,
759,29,29,労働基準局,安全課,安全衛生部,,,
760,29,29,労働基準局,労働条件政策課,,,,
761,29,29,労働基準局,総務課,,過労死等防止対策推進室,,
762,29,29,労働基準局,総務課,,,,
763,29,29,労働基準局,労災管理課,,,,
764,29,29,人材開発統括官,,,特別支援室,,
765,29,29,政策統括官,,,賃金福祉統計室,,安全衛生第一係
766,29,29,労働基準局,計画課,安全衛生部,機構・団体管理室,,
767,29,29,労働基準局,補償課,,,,
768,29,29,老健局,介護保険計画課,,,,
769,29,29,労働基準局,労働関係法課,,,,法規第二係
770,29,29,労働基準局,労働保険徴収課,,,,
771,29,29,雇用環境・均等局,職業生活両立課,,,,
772,29,29,雇用環境・均等局,職業生活両立課,,,,企画係
773,29,29,雇用環境・均等局,職業生活両立課,,,,育児・介護休業係
774,29,29,雇用環境・均等局,職業生活両立課,,,,啓発援助係
775,29,29,雇用環境・均等局,有期・短時間労働課,,,,
776,29,29,雇用環境・均等局,総務課,,雇用環境政策室,,
777,29,29,労働基準局,労働条件政策課,,,,新たな働き方推進係
778,29,29,労働基準局,労働条件政策課,,,,医療労働対策係
779,29,29,雇用環境・均等局,勤労者生活課,,,,
780,29,29,雇用環境・均等局,総務課,,労働紛争処理業務室,,
781,29,29,労働基準局,労働関係法課,,,,
782,29,29,職業安定局,総務課,,首席職業指導官室,,
783,29,29,職業安定局,総務課,,人材確保支援総合企画室,,
784,29,29,職業安定局,総務課,,訓練受講支援室,,
785,29,29,職業安定局,総務課,,公共職業安定所運営企画室,,
786,29,29,職業安定局,,,労働市場センター業務室,,
787,29,29,職業安定局,総務課,,,,
788,29,29,職業安定局,需給調整事業課,,,,
789,29,29,職業安定局,雇用政策課,,民間人材サービス推進室,,
790,29,29,職業安定局,雇用政策課,,労働市場情報整備推進企画室,,
791,29,29,職業安定局,地域雇用対策課,,,,
792,29,29,職業安定局,雇用開発企画課,,,,
793,29,29,職業安定局,雇用政策課,,労働移動支援室,,
794,29,29,職業安定局,雇用開発企画課,,建設・港湾対策室,,
795,29,29,職業安定局,雇用保険課,,,,
796,29,29,職業安定局,高齢者雇用対策課,,,,
797,29,29,職業安定局,外国人雇用対策課,,経済連携協定受入対策室,,
798,29,29,職業安定局,外国人雇用対策課,,,,
799,29,29,職業安定局,障害者雇用対策課,,地域就労支援室,,
800,29,29,職業安定局,雇用開発企画課,,就労支援室,,就労支援第二係
801,29,29,政策統括官,,,賃金福祉統計室,,賃金第三係
802,29,29,職業安定局,雇用開発企画課,,就労支援室,,
803,29,29,職業安定局,雇用開発企画課,,就労支援室,,就労支援係
804,29,29,人材開発統括官,,,若年者・キャリア形成支援担当参事官室,,
805,29,29,職業安定局,外国人雇用対策課,,海外人材受入就労対策室,,
806,29,29,人材開発統括官,,,政策企画室,,
807,38,38,道路局,環境安全・防災課,,道路防災対策室,,
808,29,29,人材開発統括官,,,人材開発政策担当参事官室,,
809,29,29,人材開発統括官,,,訓練企画室,,
810,29,29,人材開発統括官,,,企業内人材開発支援室,,
811,29,29,人材開発統括官,,,能力評価担当参事官室,,
812,29,29,人材開発統括官,,,人材開発総務担当参事官室,,
813,29,29,人材開発統括官,,,海外人材育成担当参事官室,,
814,38,38,道路局,企画課,,国際室,,
815,29,29,人材開発統括官,,,キャリア形成支援室,,
816,29,29,社会・援護局,保護課,,自立推進・指導監査室,,監査企画係
817,29,29,社会・援護局,総務課,,女性支援室,,
818,29,29,社会・援護局,総務課,,,,経理係
819,29,29,社会・援護局,保護課,,,,
820,29,29,社会・援護局,援護企画課,,中国残留邦人等支援室,,
821,29,29,社会・援護局,地域福祉課,,生活困窮者自立支援室,,
822,29,29,社会・援護局,福祉基盤課,,,,法人経営指導係
823,29,29,社会・援護局,地域福祉課,,,,地域福祉係
824,29,29,社会・援護局,保護課,,,,予算係
825,29,29,社会・援護局,総務課,,,,
826,29,29,社会・援護局,総務課,,,,指導係
827,29,29,社会・援護局,保護課,,,,調査係
828,29,29,社会・援護局,総務課,,自殺対策推進室,,地域支援係
829,29,29,社会・援護局,地域福祉課,,成年後見制度利用促進室,,
830,29,29,社会・援護局,地域福祉課,,地域共生社会推進室,,
831,29,29,社会・援護局,福祉基盤課,,福祉人材確保対策室,,
832,29,29,社会・援護局,総務課,,自殺対策推進室,,
833,29,29,社会・援護局,障害福祉課,障害保健福祉部,,,
834,29,29,社会・援護局,福祉基盤課,,,,予算係
835,29,29,社会・援護局,福祉基盤課,,,,振興係
836,29,29,社会・援護局,企画課,障害保健福祉部,自立支援振興室,,
837,29,29,社会・援護局,障害福祉課,障害保健福祉部,,,福祉財政係
838,29,29,社会・援護局,企画課,障害保健福祉部,,,手当係
839,29,29,社会・援護局,障害福祉課,障害保健福祉部,,,評価・基準係
840,29,29,社会・援護局,援護・業務課,,,,
841,29,29,社会・援護局,援護企画課,,,,
842,29,29,社会・援護局,事業課,,,,
843,29,29,社会・援護局,企画課,障害保健福祉部,,,経理係
844,29,29,社会・援護局,精神・障害保健課,障害保健福祉部,,,
845,29,29,社会・援護局,企画課,障害保健福祉部,,,
846,29,29,社会・援護局,精神・障害保健課,障害保健福祉部,,,自立支援医療係
847,29,29,社会・援護局,企画課,障害保健福祉部,自立支援振興室,,地域生活支援係
848,29,29,社会・援護局,企画課,障害保健福祉部,,,分析係
849,29,29,社会・援護局,障害福祉課,障害保健福祉部,地域生活・発達障害者支援室,,
850,29,29,社会・援護局,企画課,障害保健福祉部,施設管理室,,のぞみの園係
851,29,29,社会・援護局,精神・障害保健課,障害保健福祉部,依存症対策推進室,,依存症対策係
852,29,29,社会・援護局,精神・障害保健課,障害保健福祉部,医療観察法医療体制整備推進室,,指導係
853,29,29,社会・援護局,企画課,障害保健福祉部,施設管理室,,予算係
854,29,29,年金局,総務課,,,,国民年金財政係
855,29,29,社会・援護局,企画課,障害保健福祉部,自立支援振興室,,社会参加活動支援係
856,29,29,社会・援護局,企画課,障害保健福祉部,,,自治体支援係
857,29,29,社会・援護局,障害福祉課,障害保健福祉部,,,訪問サービス係
858,29,29,社会・援護局,企画課,障害保健福祉部,アルコール健康障害対策推進室,,
859,29,29,社会・援護局,障害福祉課,障害保健福祉部,,,福祉サービス係
860,29,29,年金局,事業管理課,,,,国民年金管理係
861,29,29,年金局,事業管理課,,,,年金生活者支援給付金係
862,29,29,年金局,総務課,,,,基礎年金財政係
863,29,29,年金局,総務課,,,,厚生年金保険財政係
864,29,29,大臣官房,国際課,,国際保健・協力室,,開発協力第一係
865,29,29,年金局,事業企画課,,システム室,,情報企画係
866,29,29,年金局,事業企画課,,,,運営管理係
867,29,29,年金局,企業年金・個人年金課,,,,庶務係
868,29,29,老健局,総務課,,,,企画調整係
869,29,29,老健局,認知症施策・地域介護推進課,,,,
870,29,29,老健局,認知症施策・地域介護推進課,,地域づくり推進室,,地域包括ケア推進係
871,29,29,老健局,高齢者支援課,,,,予算係
872,29,29,老健局,総務課,,,,経理係
873,29,29,老健局,総務課,,介護保険指導室,,
874,29,29,老健局,高齢者支援課,,,,施設係
875,29,29,老健局,認知症施策・地域介護推進課,,,,認知症施策推進係
876,29,29,老健局,高齢者支援課,,,,虐待防止対策係
877,29,29,老健局,老人保健課,,,,
878,29,29,大臣官房,厚生科学課,,,,研究助成係
879,29,29,老健局,高齢者支援課,,介護業務効率化・生産性向上推進室,,介護調整係
880,29,29,老健局,認知症施策・地域介護推進課,,地域づくり推進室,,企画調整係
881,29,29,大臣官房,国際課,,国際保健・協力室,,国際保健機関係
882,29,29,大臣官房,国際課,,,,
883,29,29,大臣官房,国際課,,,,国際経済機関係
884,29,29,大臣官房,国際課,,国際労働・協力室,,開発協力第二係
885,29,29,社会・援護局,保護課,,,,医療係
886,29,29,人材開発統括官,,,海外協力室,,
887,29,29,国立医薬品食品衛生研究所,会計課,総務部,,,
888,29,29,国立保健医療科学院,会計課,総務部,,,
889,29,29,国立社会保障・人口問題研究所,総務課,,,,
890,29,29,国立感染症研究所,会計課,総務部,,,
891,29,29,大臣官房,厚生科学課,,災害等危機管理対策室,,
892,29,29,大臣官房,厚生科学課,,,,情報企画係
893,29,29,大臣官房,国際課,,,,予算係
894,29,29,政策統括官,,,統計・情報総務室,,予算第一係
895,29,29,政策統括官,,,国際分類情報管理室,,疾病傷害死因分類係
896,29,29,政策統括官,,,人口動態・保健社会統計室,,統計総務係
897,29,29,政策統括官,,,保健統計室,,医療施設統計係
898,29,29,政策統括官,,,保健統計室,,医師・歯科医師・薬剤師統計係
899,29,29,政策統括官,,,保健統計室,,患者統計係
900,29,29,政策統括官,,,行政報告統計室,,
901,29,29,政策統括官,,,社会統計室,,
902,29,29,政策統括官,,,世帯統計室,,統計総務係
903,29,29,政策統括官,,,賃金福祉統計室,,賃金第二係
904,29,29,政策統括官,,,雇用・賃金福祉統計室,,
905,29,29,政策統括官,,,政策統括室,,
906,29,29,大臣官房,会計課,,管理室,,
907,29,29,大臣官房,地方課,,,,施設係
908,29,29,政策統括官,,,政策立案・評価担当参事官室,,政策立案支援係
909,29,29,政策統括官,,,統計企画調整室,,統計研修係
910,29,29,政策統括官,,,政策立案・評価担当参事官室,,
911,29,29,医政局,医療経営支援課,,医療独立行政法人支援室,,
912,29,29,社会・援護局,保護課,,保護事業室,,自立支援係
913,29,29,老健局,老人保健課,,,,介護認定係
914,29,29,政策統括官,,,統計企画調整室,,統計支援第二係
915,29,29,労働基準局,労災管理課,,建設石綿給付金認定等業務室,,
916,34,34,製造産業局,航空機武器産業課,,,,
917,38,38,港湾局,産業港湾課,,国際企画室,,
918,44,44,原子力規制庁,技術基盤グループ　シビアアクシデント研究部門,長官官房,,,
919,31,31,大臣官房,外食・食文化課,新事業・食品産業部,,,
920,31,31,大臣官房,食品流通課,新事業・食品産業部,,,
921,31,31,輸出・国際局,知的財産課,,,,
922,31,31,輸出・国際局,輸出企画課,,,,
923,31,31,輸出・国際局,国際地域課,,,海外連携グループ（グループ長）,
924,31,31,畜産局,食肉鶏卵課,,,,
925,34,34,商務情報政策局商務・サービスG,生物化学産業課,,,,
926,31,31,消費・安全局,消費者行政・食育課,,,,
927,31,31,消費・安全局,畜水産安全管理課,,,,
928,31,31,消費・安全局,総務課,,,,
929,31,31,消費・安全局,食品安全政策課（一般会計）,,,,
930,31,31,輸出・国際局,総務課,,,,
931,31,31,輸出・国際局,,,,,新興地域グループ
932,31,31,大臣官房,政策課,,食料安全保障室,,
933,31,31,消費・安全局,動物衛生課,,家畜防疫対策室,,
934,31,31,消費・安全局,植物防疫課,,,,
935,31,31,消費・安全局,動物衛生課,,,,
936,31,31,畜産局,飼料課,,流通飼料対策室,,
937,31,31,農村振興局,設計課,整備部,海外土地改良技術室,,
938,31,31,農産局,貿易業務課,農産政策部,,,
939,31,33,,国際課,資源管理部,海外漁業協力室,,
940,31,31,経営局,保険監理官,,,,
941,31,31,経営局,金融調整課,,,,
942,31,31,経営局,経営政策課,,,,
943,31,31,経営局,就農・女性課,,,,
944,31,31,経営局,保険課,,農業経営収入保険室（食料安定）,,
945,31,31,経営局,就農・女性課,,女性活躍推進室,,
946,31,31,農村振興局,土地改良企画課,整備部,,,
947,31,31,農産局,穀物課,,経営安定対策室,,
948,31,31,経営局,農地政策課,,,,
949,31,31,農村振興局,農地資源課,整備部,,,
950,31,31,農村振興局,地域振興課,農村政策部,,,
951,31,31,農村振興局,防災課,整備部,防災・減災対策室,,
952,31,31,農村振興局,水資源課,整備部,,,
953,31,31,農村振興局,防災課,整備部,,,
954,31,31,農村振興局,地域整備課,整備部,,,
955,31,31,農村振興局,設計課,整備部,,,
956,31,31,畜産局,牛乳乳製品課,,,,
957,31,31,農産局,園芸作物課,,,,
958,31,31,農産局,技術普及課,農産政策部,,,
959,31,31,畜産局,総務課,,,,
960,31,31,畜産局,畜産振興課,,畜産技術室,,
961,31,31,畜産局,企画課,,,,
962,31,31,農産局,総務課,,生産推進室,,
963,31,31,農産局,地域作物課,,,,
964,31,31,畜産局,飼料課,,,,
965,31,31,農産局,園芸作物課,,花き産業・施設園芸振興室,,
966,31,31,農産局,企画課,農産政策部,水田農業対策室,,
967,31,31,農林水産政策研究所,政策研究調整官室（首席）,,,,
968,31,31,農林水産技術会議事務局,研究推進課,,,,
969,31,31,農林水産技術会議事務局,研究調整課,,,,
970,31,31,農林水産技術会議事務局,国際研究官,,,,
971,31,31,農林水産技術会議事務局,研究開発官,,,,
972,31,32,,研究指導課,森林整備部,,,
973,31,33,,研究指導課,増殖推進部,,,
974,31,31,消費・安全局,農産安全管理課,,,,
975,31,31,農村振興局,鳥獣対策・農村環境課,農村政策部,,,
976,31,32,,計画課,森林整備部,,,
977,31,32,,治山課,森林整備部,,,
978,31,32,,整備課,森林整備部,,,
979,31,32,,整備課,森林整備部,造林間伐対策室,,
980,31,32,,森林利用課,森林整備部,,,
981,31,32,,業務課,国有林野部,,,
982,31,32,,管理課,国有林野部,,,
983,31,32,,計画課,森林整備部,海外林業協力室,,
984,31,32,,経営課,林政部,林業労働・経営対策室,,
985,31,32,,企画課,林政部,,,
986,31,32,,木材産業課,林政部,,,
987,31,32,,木材利用課,林政部,,,
988,31,33,,漁業取締課,資源管理部,,,
989,31,33,,漁場資源課,増殖推進部,,,
990,31,33,,管理調整課,資源管理部,,,
991,31,33,,国際課,資源管理部,捕鯨室,,
992,31,33,,栽培養殖課,増殖推進部,,,
993,31,33,,漁獲監理官（監理官）,資源管理部,,,
994,31,33,,整備課,漁港漁場整備部,,,
995,31,33,,漁業保険管理官,漁政部,,,
996,31,33,,水産経営課,漁政部,,,
997,31,33,,企画課,漁政部,,,
998,31,33,,水産経営課,漁政部,指導室,,
999,31,33,,防災漁村課,漁港漁場整備部,,,
1000,31,33,,計画・海業政策課,漁港漁場整備部,,,
1001,31,33,,加工流通課,漁政部,,,
1002,31,31,大臣官房,経営・構造統計課,統計部,センサス統計室,,
1003,31,31,大臣官房,統計企画管理官,統計部,,,
1004,31,31,大臣官房,予算課,,,,
1005,31,31,大臣官房,地方課,,災害総合対策室,,
1006,31,31,大臣官房,地方課,,,,
1007,31,31,大臣官房,文書課,,,,
1008,31,31,大臣官房,政策課,,,,
1009,31,31,大臣官房,広報評価課,,,,
1010,31,31,農村振興局,防災課,整備部,災害対策室,,
1011,31,32,,林政課,林政部,,,
1012,31,33,,漁政課,漁政部,,,
1013,31,31,農産局,農業環境対策課,農産政策部,,,
1014,31,31,農産局,穀物課,,米麦流通加工対策室,,
1015,31,31,農産局,穀物課,,,,
1016,31,31,農林水産技術会議事務局,研究企画課,,,,
1017,31,31,大臣官房,環境バイオマス政策課,,,,
1018,34,34,通商政策局,貿易振興課,,,,
1019,34,34,経済産業政策局,産業資金課,,,,
1020,34,34,通商政策局,北東アジア課,,,,
1021,34,34,イノベーション・環境局,総務課,,,,
1022,34,34,商務情報政策局,情報産業課,,情報処理基盤産業室,,
1023,34,34,イノベーション・環境局,経済産業省イノベーション・環境局イノベーション創出新事業推進課,,,,
1024,34,34,イノベーション・環境局,経済産業省イノベーション・環境局イノベーション政策課,,フロンティア推進室,,
1025,34,34,イノベーション・環境局ＧＸグループ,脱炭素成長型経済構造移行投資促進課,,エネルギー・環境イノベーション戦略室,,
1026,34,34,イノベーション・環境局,大学連携推進室,,,,
1027,34,34,製造産業局,素形材産業室,,,,
1028,34,34,製造産業局,ロボット政策室,,,,
1029,34,34,商務情報政策局,情報産業課,,,,
1030,34,34,資源エネルギー庁,原子力発電所事故収束対応室,電力・ガス事業部,,,
1031,34,34,イノベーション・環境局,国際標準課,,,,
1032,34,34,イノベーション・環境局,計量行政室,,,,
1033,34,34,製造産業局,宇宙産業課,,,,
1034,34,34,大臣官房調査統計G,総合調整室,,,,
1035,34,34,イノベーション・環境局,国際室,,,,
1036,43,43,大臣官房,総合政策課,,環境研究技術室,,
1037,34,34,商務情報政策局商務・サービスG,ヘルスケア産業課,,医療・福祉機器産業室,,
1038,34,34,製造産業局,製造産業戦略企画室,,,,
1039,34,34,イノベーション・環境局,国際電気標準課,,,,
1040,34,34,製造産業局,金属課,,,,
1041,34,34,製造産業局,生活製品課,,,,
1042,34,34,商務情報政策局商務・サービスG,文化創造産業課,,伝統的工芸品産業室,,
1043,34,34,製造産業局,総務課,,,,
1044,34,34,商務情報政策局,総務課,,,,
1045,38,38,水管理・国土保全局,水資源計画課,水資源部,総合水資源管理戦略室,,
1046,34,34,大臣官房,デジタル・トランスフォーメーション室,,,,
1047,34,34,商務情報政策局,国際室,,,,
1048,34,34,商務情報政策局,情報経済課,,デジタル取引環境整備室,,
1049,34,34,商務情報政策局商務・サービスG,消費・流通政策課,,,,
1050,34,34,商務情報政策局商務・サービスG,サービス政策課,,教育産業室,,
1051,34,34,資源エネルギー庁,国際課,長官官房,,,
1052,34,34,商務情報政策局商務・サービスG,ヘルスケア産業課,,,,
1053,34,34,商務情報政策局商務・サービスG,文化創造産業課,,,,
1054,34,34,商務情報政策局商務・サービスG,博覧会推進室,,,,
1055,34,34,商務情報政策局,サイバーセキュリティ課,,,,
1056,34,34,大臣官房産業保安・安全G,鉱山・火薬類監理官付,,,,
1057,34,34,大臣官房産業保安・安全G,保安政策課,,,,
1058,34,34,資源エネルギー庁,総務課,長官官房,,,
1059,34,34,通商政策局,参事官付,国際経済部,,,
1060,34,34,通商政策局,欧州課,,,,
1061,34,34,通商政策局,ロシア・中央アジア・コーカサス室,,,,
1062,34,34,通商政策局,アジア大洋州課,,,,
1063,34,34,通商政策局,韓国室,,,,
1064,34,34,通商政策局,総務課,,,,
1065,34,34,イノベーション・環境局ＧＸグループ,環境政策課,,,,
1066,34,34,通商政策局,技術・人材協力室,,,,
1067,34,34,通商政策局,通商金融課,,,,
1068,34,34,貿易経済安全保障局,経済産業省貿易経済安全保障局経済安全保障政策課,,,,
1069,34,34,中小企業庁,小規模企業振興課,経営支援部,,,
1070,34,34,中小企業庁,経営支援課,経営支援部,,,
1071,34,34,中小企業庁,財務課,事業環境部,,,
1072,34,34,中小企業庁,技術・経営革新室,経営支援部,,,
1073,34,34,中小企業庁,創業・新事業促進室,経営支援部,,,
1074,34,34,中小企業庁,金融課,事業環境部,,,
1075,34,34,中小企業庁,調査室,事業環境部,,,
1076,34,34,中小企業庁,取引課,事業環境部,,,
1077,34,34,経済産業政策局,地域産業基盤整備課,,,,
1078,34,34,製造産業局,鉱物課,,,,
1079,34,34,資源エネルギー庁,燃料供給基盤整備課,資源・燃料部,燃料流通政策室,,
1080,34,34,資源エネルギー庁,燃料供給基盤整備課,資源・燃料部,,,
1081,34,34,資源エネルギー庁,資源開発課,資源・燃料部,,,
1082,34,34,資源エネルギー庁,政策課,資源・燃料部,,,
1083,34,34,資源エネルギー庁,資源開発課,資源・燃料部,石炭政策室,,
1084,34,34,資源エネルギー庁,ガス市場整備室,電力・ガス事業部,,,
1085,34,34,資源エネルギー庁,新エネルギー課,省エネルギー・新エネルギー部,風力政策室,,
1086,34,34,製造産業局,素材産業課,,,,
1087,34,34,製造産業局,自動車課,,,,
1088,34,34,資源エネルギー庁,総務課,長官官房,戦略企画室,,
1089,34,34,資源エネルギー庁,新エネルギー課,省エネルギー・新エネルギー部,,,
1090,38,38,物流・自動車局,車両基準・国際課,,,,
1091,34,34,資源エネルギー庁,省エネルギー課,省エネルギー・新エネルギー部,,,
1092,34,34,資源エネルギー庁,新エネルギーシステム課,省エネルギー・新エネルギー部,,,
1093,34,34,資源エネルギー庁,水素・アンモニア課,省エネルギー・新エネルギー部,,,
1094,34,34,資源エネルギー庁,放射性廃棄物対策課,電力・ガス事業部,,,
1095,34,34,資源エネルギー庁,原子力立地・核燃料サイクル産業課,電力・ガス事業部,原子力立地政策室,,
1096,34,34,資源エネルギー庁,原子力政策課,電力・ガス事業部,,,
1097,34,34,資源エネルギー庁,電力基盤整備課,電力・ガス事業部,,,
1098,34,34,資源エネルギー庁,原子力政策課,電力・ガス事業部,原子力国際協力推進室,,
1099,34,34,資源エネルギー庁,原子力立地・核燃料サイクル産業課,電力・ガス事業部,,,
1100,34,34,資源エネルギー庁,電力基盤整備課,電力・ガス事業部,電源地域整備室,,
1101,34,34,イノベーション・環境局ＧＸグループ,地球環境対策室,,,,
1102,34,34,資源エネルギー庁,電力産業・市場室,電力・ガス事業部,,,
1103,34,34,大臣官房産業保安・安全G,化学物質管理課,,,,
1104,34,34,イノベーション・環境局ＧＸグループ,資源循環経済課環境管理推進室,,,,
1105,34,34,イノベーション・環境局ＧＸグループ,資源循環経済課,,,,
1106,34,34,資源エネルギー庁,燃料環境適合利用推進課,資源・燃料部,,,
1107,34,34,商務情報政策局商務・サービスG,商品市場整備室,,,,
1108,34,34,商務情報政策局商務・サービスG,参事官室,,,,
1109,34,34,イノベーション・環境局ＧＸグループ,環境政策課,,ＧＸ推進企画室,,
1110,34,34,経済産業政策局,調査課,,,,
1111,34,34,経済産業政策局,総務課,,,,
1112,34,34,経済産業政策局,競争環境整備室,,,,
1113,34,34,経済産業政策局,産業構造課,,,,
1114,34,34,イノベーション・環境局,総務課,,産業技術法人室,,
1115,34,34,中小企業庁,総務課,長官官房,,,
1116,34,34,資源エネルギー庁,総務課,長官官房,会計室,,
1117,34,36,,総務課,総務部,独立行政法人工業所有権情報・研修館室,,
1118,34,36,,国際協力課,総務部,,国際班,
1119,34,36,,企画調査課,総務部,,,
1120,34,36,,企画調査課,総務部,,企画班,
1121,34,36,,会計課,総務部,,総括班,予算係
1122,34,36,,出願課,審査業務部,国際出願室,企画調査班,
1123,34,36,,企画調査課,総務部,,総括班,
1124,34,36,,調整課,審査第一部,審査推進室,審査推進企画班,
1125,34,36,,調整課,審査第一部,審査推進室,電子情報計画班,
1126,34,36,,総務課,総務部,情報技術統括室,情報技術企画班,情報技術企画係
1127,34,36,,会計課,総務部,,施設管理班,
1128,34,36,,普及支援課,総務部,,支援企画班,
1129,34,36,,普及支援課,総務部,,地域調整班,地域調整係
1130,34,34,経済産業政策局,産業人材課,,,,
1131,34,34,通商政策局,経済産業省通商政策局国際経済部アジア太平洋地域協力推進室,国際経済部,,,
1132,34,34,中小企業庁,商業課,経営支援部,,,
1133,34,34,経済産業政策局,地域経済産業政策課,,,,
1134,34,34,製造産業局,自動車課,,モビリティＤＸ室,,
1135,34,34,イノベーション・環境局ＧＸグループ,環境金融室,,,,
1136,34,34,通商政策局,経済産業省通商政策局国際経済部経済連携課,国際経済部,,,
1137,34,34,中小企業庁,総務課,長官官房,訟務・債権管理室,,
1138,34,36,,総務課,総務部,,調整班,
1139,34,34,製造産業局,航空機武器産業課,,次世代空モビリティ政策室,,
1140,34,36,,総務課,総務部,広報室,,
1141,34,36,,商標課,審査業務部,,総括班,
1142,38,38,住宅局,住宅総合整備課,,,,
1143,38,38,住宅局,住宅経済・法制課,,住宅金融室,,
1144,38,38,住宅局,総務課,,,,
1145,38,38,住宅局,市街地建築課,,,,
1146,38,38,住宅局,建築指導課,,,,
1147,38,38,住宅局,参事官（マンション・賃貸住宅担当）,,,,
1148,38,38,住宅局,参事官（住宅瑕疵担保対策担当）,,,,
1149,38,38,住宅局,総務課,,国際室,,
1150,38,38,住宅局,住宅生産課,,,,
1151,38,38,総合政策局,バリアフリー政策課,,,,
1152,38,38,総合政策局,海洋政策課,,,,
1153,38,38,水管理・国土保全局,保全課,砂防部,海岸室,,
1154,38,42,,施設補給課,装備技術部,,,企画係
1155,38,38,港湾局,海洋・環境課,,,,
1156,38,38,港湾局,海岸・防災課,,,,
1157,38,38,道路局,国道・技術課,,,,
1158,38,38,道路局,国道・技術課,,道路メンテナンス企画室,,
1159,38,38,物流・自動車局,技術・環境政策課,,,,
1160,38,38,物流・自動車局,貨物流通事業課,,,,
1161,38,38,水管理・国土保全局,水資源政策課,水資源部,,,
1162,11,11,総合政策局,総務課,,国際室,,国際機構第１係
1163,38,38,都市局,公園緑地・景観課,,,,
1164,38,38,水管理・国土保全局,治水課,,,,
1165,38,38,水管理・国土保全局,下水道事業課,,,,
1166,38,38,水管理・国土保全局,大臣官房参事官（上下水道技術）,,,,
1167,38,38,水管理・国土保全局,上下水道企画課,,,,
1168,38,38,総合政策局,環境政策課,,,,
1169,38,38,総合政策局,公共事業企画調整課,,,,
1170,38,38,物流・自動車局,物流政策課,,,,
1171,38,38,大臣官房,技術調査課,,,,
1172,38,38,都市局,公園緑地・景観課,,緑地環境室,,
1173,38,38,住宅局,参事官（建築企画担当）,,,,
1174,38,38,海事局,海洋・環境政策課,,,,
1175,38,38,大臣官房,技術調査課,,電気通信室,,
1176,38,38,国土地理院,計画課,測地部,,,
1177,38,38,国土地理院,企画課,応用地理部,,,
1178,38,38,国土地理院,管理課,基本図情報部,,,
1179,38,40,,予報課,大気海洋部,,,
1180,38,40,,観測整備計画課,大気海洋部,,,
1181,38,40,,管理課,地震火山部,,,
1182,38,40,,環境・海洋気象課,大気海洋部,,,
1183,38,40,,業務課,大気海洋部,,,
1184,38,38,海事局,検査測度課,,,,
1185,38,40,,気候情報課,大気海洋部,,,
1186,38,40,,気象衛星課,情報基盤部,,,
1187,38,40,,企画課,総務部,国際室,,
1188,38,38,都市局,まちづくり推進課,,,,
1189,38,38,都市局,街路交通施設課,,,,
1190,38,38,住宅局,市街地建築課,,市街地住宅整備室,,
1191,38,38,住宅局,住宅総合整備課,,住環境整備室,,
1192,38,38,住宅局,安心居住推進課,,,,
1193,38,38,国土政策局,,,地方政策課　調整室,,
1194,38,38,水管理・国土保全局,河川環境課,,河川保全企画室,,
1195,38,38,水管理・国土保全局,保全課,砂防部,,,
1196,38,38,水管理・国土保全局,河川計画課,,河川計画調整室,,
1197,38,38,水管理・国土保全局,河川計画課,,国際室,,
1198,38,38,水管理・国土保全局,砂防計画課,砂防部,地震・火山砂防室,,
1199,38,38,大臣官房,運輸安全監理官,,,,
1200,38,38,総合政策局,総務課,,,,
1201,38,38,鉄道局,施設課,,,,
1202,38,38,鉄道局,技術企画課,,,,
1203,38,38,鉄道局,安全監理官,,,,
1204,38,38,物流・自動車局,安全政策課,,,,
1205,38,38,海事局,海技課,,,,
1206,38,38,海事局,船舶産業課,,,,
1207,38,38,物流・自動車局,保障制度参事官室,,,,
1208,38,38,海事局,総務課,,国際企画調整室,,
1209,38,38,総合政策局,政策課,,,,
1210,38,38,航空局,予算・管財室参事官（航空予算担当）,,,,
1211,38,38,航空局,官房参事官（安全企画）,安全部,航空保安対策室,,
1212,38,40,,企画課,総務部,航空気象管理室,,第一管理係
1213,38,38,航空局,官房参事官（航空安全推進）,安全部,,,
1214,38,38,航空局,安全政策課,安全部,,,
1215,38,38,航空局,航空機安全課,安全部,,,
1216,38,38,航空局,国際航空課,航空ネットワーク部,,,
1217,38,38,航空局,安全政策課,安全部,乗員政策室,,
1218,38,41,事務局,総務課,,,,
1219,38,38,道路局,環境安全・防災課,,,,
1220,38,38,道路局,高速道路課,,,,
1221,38,42,,情報通信課,総務部,,,計画係
1222,38,38,海難審判所,総務課,,,,
1223,38,42,,企画課,交通部,,,予算係
1224,38,42,,船舶課,装備技術部,,,計画係
1225,38,42,,航空機課,装備技術部,,,企画係
1226,38,42,,管理課,装備技術部,,,
1227,38,42,,環境防災課,警備救難部,,,企画係
1228,38,42,,企画課,海洋情報部,,,業務係
1229,38,42,,施設補給課,装備技術部,,,調査係
1230,38,38,物流・自動車局,物流政策課　国際物流室,,,,
1231,38,38,海事局,内航課,,,,
1232,38,38,海事局,外航課,,,,
1233,38,38,港湾局,産業港湾課,,,,
1234,38,38,港湾局,計画課,,,,
1235,38,38,港湾局,海岸・防災課,,危機管理室,,
1236,38,38,港湾局,海岸・防災課,,災害対策室,,
1237,38,38,港湾局,港湾経済課,,港湾物流戦略室,,
1238,38,39,,参事官（国際関係）,,,,
1239,38,39,,観光戦略課,,観光統計調査室,,
1240,38,39,,観光地域振興部　観光地域振興課,,,,
1241,38,39,,国際観光部　参事官（MICE）,,,,
1242,38,39,,国際観光部　国際観光課,,,,
1243,38,39,,参事官（産業競争力強化）,,,,
1244,38,39,,観光産業課,,,,
1245,38,39,,参事官（外客受入）,,,,
1246,38,39,,観光地域振興部　観光資源課,,新コンテンツ開発推進室,,
1247,38,39,,観光地域振興部　観光地域振興課,,広域連携推進室,,
1248,38,39,,観光地域振興部　観光資源課,,文化・歴史資源活用推進室,,
1249,38,39,,観光地域振興部　観光資源課,,,,
1250,38,39,,観光地域振興部　観光資源課,,自然資源活用推進室,,
1251,38,38,鉄道局,参事官（新幹線建設）室,,,,
1252,38,38,鉄道局,幹線鉄道課,,,,
1253,38,38,鉄道局,鉄道事業課,,,,
1254,38,38,航空局,,航空ネットワーク部,空港計画課/大都市圏空港調査室,,
1255,38,38,航空局,近畿圏・中部圏空港課,航空ネットワーク部,,,
1256,38,38,航空局,,航空ネットワーク部,官房参事官（航空戦略）/空港周辺地域活性化推進室,,
1257,38,38,航空局,,航空ネットワーク部,空港計画課,,
1258,38,38,航空局,交通管制企画課,交通管制部,,,
1259,38,38,航空局,航空ネットワーク企画課,航空ネットワーク部,空港経営改革推進室,,
1260,38,38,国土政策局,地域振興課,,半島振興室,,
1261,38,38,国土政策局,地域振興課,,,,
1262,38,38,都市局,市街地整備課,,,,
1263,38,38,都市局,まちづくり推進課,,都市開発金融支援室,,
1264,38,38,都市局,都市環境課,,,,
1265,38,38,都市局,国際・デジタル政策課,,,,
1266,38,38,都市局,都市安全課,,,,
1267,38,38,都市局,都市計画課,,,,
1268,38,38,鉄道局,都市鉄道政策課,,,,
1269,38,38,鉄道局,都市鉄道政策課,,駅機能高度化推進室,,
1270,38,38,鉄道局,参事官（機構監督・地域調整）室,,,,
1271,38,38,総合政策局,地域交通課,,,,
1272,38,38,総合政策局,交通政策課,,,,
1273,38,38,総合政策局,モビリティサービス推進課,,,,
1274,38,38,物流・自動車局,旅客課,,,,
1275,38,38,航空局,航空事業課,航空ネットワーク部,地方航空活性化推進室,,
1276,38,38,航空局,航空ネットワーク企画課,航空ネットワーク部,,,
1277,38,38,道路局,総務課,,,,
1278,38,38,総合政策局,社会資本整備政策課,,,,
1279,38,38,大臣官房,技術調査課,,施工企画室,,
1280,38,38,不動産・建設経済局,土地政策課,,公共用地室,,
1281,38,38,不動産・建設経済局,土地政策課,,,,
1282,38,38,不動産・建設経済局,地価調査課,,地価公示室,,
1283,38,38,総合政策局,情報政策課,,建設経済統計調査室,,
1284,38,38,不動産・建設経済局,不動産市場整備課,,,,
1285,38,38,不動産・建設経済局,地価調査課,,,,
1286,38,38,不動産・建設経済局,地価調査課,,鑑定評価指導室,,
1287,38,38,不動産・建設経済局,不動産業課,,,,
1288,38,38,不動産・建設経済局,不動産市場整備課,,不動産投資推進室,,
1289,38,38,不動産・建設経済局,国際市場課,,,,
1290,38,38,不動産・建設経済局,参事官,,,,
1291,38,38,総合政策局,参事官（グローバル戦略）,,,,
1292,38,38,不動産・建設経済局,建設業課,,建設業適正取引推進指導室,,
1293,38,38,不動産・建設経済局,建設振興課,,建設キャリアアップシステム推進室,,
1294,38,38,不動産・建設経済局,建設業課,,入札制度企画指導室,,
1295,38,38,不動産・建設経済局,建設振興課,,専門工事業・建設関連業振興室,,
1296,38,38,不動産・建設経済局,建設業課,,,,
1297,38,38,不動産・建設経済局,建設業課,,建設業技術企画室,,
1298,38,38,不動産・建設経済局,建設振興課,,,,
1299,38,38,総合政策局,情報政策課,,,,
1300,38,38,不動産・建設経済局,地理空間情報課,,地籍整備室,,
1301,38,38,物流・自動車局,企画・電動化・自動運転参事官室,,,,
1302,38,38,海事局,船員政策課,,,,
1303,38,38,海事局,海技課,,船員教育室,,
1304,38,38,大臣官房,社会資本整備総合交付金等総合調整室,,,,
1305,38,38,総合政策局,総務課,,政策企画官（総合交通体系担当）,,
1306,38,38,国土政策局,総合計画課,,,,
1307,38,38,不動産・建設経済局,地理空間情報課,,,,
1308,38,38,国土政策局,地方政策課,,,,
1309,38,38,国土政策局,総務課,,,,
1310,38,38,国土地理院,企画調査課,地理空間情報部,,,
1311,38,38,国土地理院,企画調整課,企画部,,,
1312,38,38,国土政策局,離島振興課,,,,
1313,38,38,国土政策局,特別地域振興官,,,,
1314,38,38,北海道局,参事官,,,,
1315,38,38,北海道局,予算課,,,,
1316,38,38,北海道局,総務課,,アイヌ政策室,,
1317,38,38,大臣官房,,,,,
1318,38,38,大臣官房,会計課,,,,
1319,38,38,総合政策局,技術政策課,,,,
1320,38,38,鉄道局,技術企画課,,技術開発室,,
1321,38,38,国土技術政策総合研究所,施設課,企画部,,,
1322,38,38,国土技術政策総合研究所,企画課,企画部,,,
1323,38,38,国土技術政策総合研究所,都市計画研究室,都市研究部,,,
1324,38,38,国土技術政策総合研究所,道路基盤研究室,道路構造物研究部,,,
1325,38,38,国土地理院,研究管理課,地理地殻活動研究センター,,,
1326,38,40,気象研究所,企画室（課相当）,,,,
1327,38,38,総合政策局,情報政策課,,サイバーセキュリティ対策室,,
1328,38,38,都市局,都市計画課,,都市計画調査室,,
1329,38,38,総合政策局,海外プロジェクト推進課,,,,
1330,38,38,総合政策局,国際政策課,,,,
1331,38,38,大臣官房,,官庁営繕部,,,
1332,38,38,大臣官房,計画課,官庁営繕部,,,
1333,38,38,水管理・国土保全局,防災課,,,,
1334,38,38,道路局,参事官（自転車活用推進）,,,,
1335,38,38,鉄道局,鉄道事業課,,旅客輸送業務監理室,,
1336,38,38,鉄道局,施設課,,鉄道防災対策室,,
1337,38,38,物流・自動車局,総務課,,,,
1338,38,38,国土技術政策総合研究所,企画調整課,管理調整部,,,
1339,38,38,国土地理院,契約課,総務部,,,
1340,38,40,,総務課,総務部,施設物品管理室,,
1341,38,38,道路局,路政課,,道路利用調整室,,
1342,38,38,国土技術政策総合研究所,下水処理研究室,上下水道研究部,,,
1343,38,38,国土技術政策総合研究所,水害研究室,河川研究部,,,
1344,38,38,国土技術政策総合研究所,砂防研究室,土砂災害研究部,,,
1345,38,38,国土技術政策総合研究所,構造基準研究室,建築研究部,,,
1346,38,38,国土技術政策総合研究所,住宅生産研究室,住宅研究部,,,
1347,38,38,国土技術政策総合研究所,都市開発研究室,都市研究部,,,
1348,38,38,国土技術政策総合研究所,港湾計画研究室,港湾・沿岸海洋研究部,,,
1349,38,38,水管理・国土保全局,河川環境課,,水防企画室,,
1350,38,38,水管理・国土保全局,総務課,,,,
1351,38,39,,総務課,,調整室,,
1352,38,38,都市局,国際・デジタル政策課,,都市局　国際・デジタル政策課　デジタル情報活用推進室,,
1353,38,38,都市局,参事官（国際園芸博覧会担当）,,,,
1354,38,38,大臣官房,,,公共事業調査室,,
1355,38,38,国土交通政策研究所,,,,,
1356,38,38,国土技術政策総合研究所,材料・部材基準研究室,建築研究部,,,
1357,38,38,国土技術政策総合研究所,建築環境研究室,住宅研究部,,,
1358,38,38,国土技術政策総合研究所,海洋環境・危機管理研究室,港湾・沿岸海洋研究部,,,
1359,38,38,国土技術政策総合研究所,港湾業務情報化研究室,港湾情報化支援センター,,,
1360,43,43,地球環境局,地球温暖化対策課,,,,
1361,43,43,地球環境局,総務課,,気候変動科学・適応室,,
1362,43,43,環境再生・資源循環局,廃棄物適正処理推進課,,,,
1363,43,43,大臣官房,環境経済課,,,,
1364,43,43,地球環境局,地球温暖化対策課,,脱炭素ビジネス推進室,,
1365,43,43,地球環境局,総務課,,脱炭素社会移行推進室,,
1366,43,43,地球環境局,地球温暖化対策課,,脱炭素ライフスタイル推進室,,
1367,43,43,水・大気環境局,環境管理課,,環境汚染対策室,,
1368,43,43,地球環境局,国際脱炭素移行推進・環境インフラ担当参事官室,,,,
1369,11,11,証券取引等監視委員会事務局,市場分析審査課,,,,
1370,43,43,地球環境局,地球温暖化対策課,,,,特別会計予算第一係
1371,43,43,地球環境局,地球温暖化対策課,,フロン対策室,,
1372,43,43,大臣官房,環境経済課,,市場メカニズム室,,
1373,43,43,水・大気環境局,モビリティ環境対策課,,脱炭素モビリティ事業室,,
1374,43,43,環境再生・資源循環局,総務課,,容器包装・プラスチック資源循環室,,
1375,43,43,地球環境局,国際連携課,,気候変動国際交渉室,,
1376,43,43,地球環境局,総務課,,気候変動観測研究戦略室,,
1377,43,43,環境再生・資源循環局,廃棄物規制課,,,,
1378,43,43,地球環境局,地球温暖化対策課,,,,特別会計評価・検証係
1379,43,43,大臣官房,地域脱炭素政策調整担当参事官室,,,,
1380,43,43,地球環境局,国際連携課,,,,
1381,43,43,地球環境局,総務課,,,,予算決算係
1382,43,43,水・大気環境局,環境管理課,,環境汚染対策室,,大気汚染対策係
1383,43,43,水・大気環境局,総務課,,,,
1384,43,43,水・大気環境局,環境管理課,,,,
1385,43,43,大臣官房,化学物質安全課,環境保健部,環境リスク評価室,,
1386,43,43,水・大気環境局,モビリティ環境対策課,,,,
1387,43,43,水・大気環境局,海洋環境課,,,,
1388,43,43,水・大気環境局,海洋環境課,,海域環境管理室,,
1389,43,43,水・大気環境局,環境管理課,,,,水循環係
1390,43,43,水・大気環境局,環境管理課,,農薬環境管理室,,
1391,43,43,環境再生・資源循環局,総務課,,循環型社会推進室,,
1392,43,43,環境再生・資源循環局,環境再生事業担当参事官室,,,,
1393,43,43,環境再生・資源循環局,総務課,,リサイクル推進室,,
1394,43,43,環境再生・資源循環局,総務課,,,,
1395,43,43,環境再生・資源循環局,環境再生事業担当参事官室,,災害廃棄物対策室,,
1396,43,43,環境再生・資源循環局,環境再生施設整備担当参事官室,,環境再生施設整備担当参事官付　ポリ塩化ビフェニル廃棄物処理推進室,,
1397,43,43,環境再生・資源循環局,環境再生事業担当参事官室,,環境再生事業担当参事官付　不法投棄原状回復事業対策室,,
1398,43,43,環境再生・資源循環局,廃棄物適正処理推進課,,浄化槽推進室,,
1399,43,43,自然環境局,,,,,
1400,43,43,自然環境局,自然環境計画課,,生物多様性センター,,
1401,43,43,自然環境局,自然環境計画課,,,,
1402,43,43,自然環境局,自然環境計画課,,生物多様性戦略推進室,,
1403,43,43,自然環境局,自然環境計画課,,生物多様性主流化室,,
1404,43,43,自然環境局,野生生物課,,,,
1405,43,43,自然環境局,自然環境計画課,,,,企画係
1406,43,43,自然環境局,国立公園課,,,,
1407,43,43,自然環境局,国立公園課,,国立公園利用推進室,,
1408,43,43,自然環境局,野生生物課,,鳥獣保護管理室,,
1409,43,43,自然環境局,野生生物課,,希少種保全推進室,,
1410,43,43,自然環境局,野生生物課,,外来生物対策室,,
1411,43,43,自然環境局,野生生物課,,鳥獣保護管理室,,指定管理鳥獣係
1412,43,43,自然環境局,自然環境整備課,,温泉地保護利用推進室,,
1413,43,43,自然環境局,自然環境整備課,,,,
1414,43,43,自然環境局,総務課,,国民公園室,,
1415,43,43,大臣官房,化学物質安全課,環境保健部,,,
1416,43,43,大臣官房,化学物質安全課,環境保健部,化学物質審査室,,
1417,43,43,大臣官房,企画課,環境保健部,保健業務室,,
1418,43,43,大臣官房,企画課,環境保健部,特殊疾病対策室,,
1419,43,43,大臣官房,企画課,環境保健部,石綿健康被害対策室,,
1420,43,43,大臣官房,環境経済課,,,,経済的措置係
1421,43,43,大臣官房,地域政策課,,地域循環共生圏推進室,,
1422,43,43,大臣官房,総合政策課,,民間活動支援室,,
1423,43,43,大臣官房,総合政策課,,環境教育推進室,,
1424,43,43,大臣官房,総合政策課,,環境計画室,,
1425,43,43,大臣官房,環境影響評価課,,,,
1426,43,43,環境調査研修所,総務課,国立水俣病総合研究センター,,,経理係
1427,43,43,自然環境局,総務課,,動物愛護管理室,,
1428,43,43,大臣官房,総務課,,環境情報室,,
1429,43,43,大臣官房,総務課,,広報室,,広報係
1430,43,43,環境調査研修所,,,,,
1431,43,43,大臣官房,総務課,,,,法令係
1432,43,43,大臣官房,放射線健康管理担当参事官室,環境保健部,,,総括第一係
1433,43,43,大臣官房,会計課,,庁舎管理室,,調整係
1434,43,43,大臣官房,秘書課,,地方環境室,,
1435,43,43,大臣官房,総合政策課,,,,
1436,44,44,原子力規制庁,技術基盤グループ　技術基盤課,長官官房,,,
1437,45,45,防衛装備庁,事業監理官（宇宙・地上装備担当）,プロジェクト管理部,,,
1438,43,43,環境再生・資源循環局,環境再生事業担当参事官室,,福島再生・未来志向プロジェクト推進室,,
1439,43,43,大臣官房,総合政策課,,企画評価・政策プロモーション室,,
1440,43,43,自然環境局,自然環境整備課,,温泉地保護利用推進室,,温泉保護係
1441,34,34,商務情報政策局,情報経済課,,,,
1442,44,44,原子力規制庁,総務課,長官官房,広報室,,
1443,44,44,原子力規制庁,総務課,長官官房,国際室,,
1444,44,44,原子力安全人材育成センター,人材育成課,,,,
1445,44,44,原子力安全人材育成センター,原子炉技術研修課,,,,
1446,44,44,原子力規制庁,人事課,長官官房,,,
1447,44,44,原子力規制庁,審査グループ　研究炉等審査部門,原子力規制部,,,
1448,44,44,原子力規制庁,検査グループ　検査監督総括課,原子力規制部,,,
1449,44,44,原子力規制庁,技術基盤グループ　システム安全研究部門,長官官房,,,
1450,44,44,原子力規制庁,技術基盤グループ　地震・津波研究部門,長官官房,,,
1451,44,44,原子力規制庁,放射線防護グループ　核セキュリティ部門,長官官房,,,
1452,44,44,原子力規制庁,放射線防護グループ　放射線防護企画課,長官官房,保障措置室,,
1453,44,44,原子力規制庁,放射線防護グループ　監視情報課,長官官房,放射線環境対策室,,
1454,44,44,原子力規制庁,放射線防護グループ　監視情報課,長官官房,,,
1455,44,44,原子力規制庁,技術基盤グループ　放射線・廃棄物研究部門,長官官房,,,
1456,44,44,原子力規制庁,放射線防護グループ　放射線規制部門,長官官房,,,
1457,44,44,原子力規制庁,総務課,長官官房,情報システム室,,
1458,44,44,原子力規制庁,放射線防護グループ　放射線防護企画課,長官官房,,,
1459,45,45,,サイバー整備課,内部部局/整備計画局,,,
1460,45,45,防衛装備庁,事業監理官（航空機担当）,プロジェクト管理部,,,
1461,45,45,防衛装備庁,事業監理官（艦船担当）,プロジェクト管理部,,,
1462,45,45,,人材育成課,内部部局/人事教育局,,,
1463,45,45,防衛装備庁,事業監理官（誘導武器・統合装備担当）,プロジェクト管理部,,,
1464,45,45,防衛装備庁,技術計画官,技術戦略部,技術評価室,,
1465,45,45,,運用調整参事官,内部部局/防衛政策局,,,
1466,45,45,防衛装備庁,事業監理官（次期戦闘機担当）,プロジェクト管理部,,,
1467,45,45,防衛装備庁,装備政策課,装備政策部,,制度企画班,
1468,45,45,,衛生官,内部部局/人事教育局,,,
1469,45,45,,会計課,内部部局/大臣官房,庁舎管理室,,
1470,45,45,,施設計画課,内部部局/整備計画局,施設政策室,施設政策班,
1471,45,45,,厚生課,内部部局/人事教育局,,,
1472,45,45,,会計課,内部部局/大臣官房,,機関等予算班,機関等予算第３係
1473,45,45,,人材育成課,内部部局/人事教育局,援護企画室,,
1474,45,45,,人材育成課,内部部局/人事教育局,人材確保推進室,,
1475,45,45,,人材育成課,内部部局/人事教育局,,人材育成室,
1476,45,45,防衛装備庁,技術振興官,技術戦略部,,,
1477,45,45,防衛装備庁,装備政策課,装備政策部,防衛産業政策室,,
1478,45,45,防衛装備庁,国際装備課,装備政策部,,,
1479,45,45,防衛装備庁,装備技術官（海上担当）,プロジェクト管理部,,海上技術班,
1480,45,45,防衛装備庁,人事官,長官官房,人材育成センター,,
1481,45,45,,防衛計画課,内部部局/整備計画局,,,
1482,45,45,防衛装備庁,調達企画課,調達管理部,類別・標準化企画室,,
1483,45,45,,調査課,内部部局/防衛政策局,,,
1484,45,45,,衛生官,内部部局/人事教育局,,総括班,
1485,45,45,,地域社会協力総括課,内部部局/地方協力局,,一般防音班,
1486,45,45,,地域社会協力総括課,内部部局/地方協力局,,施設対策班,
1487,45,45,,環境政策課,内部部局/地方協力局,提供・返還室,提供・緑化班,
1488,45,45,,地域社会協力総括課,内部部局/地方協力局,,住宅防音班,
1489,45,45,,環境政策課,内部部局/地方協力局,用地取得室,用地取得班,賃借契約第２係
1490,45,45,,総務課,内部部局/地方協力局,,予算班,
1491,45,45,,広報課,内部部局/大臣官房,総括班,,
1492,45,45,,地域社会協力総括課,内部部局/地方協力局,,交付金班,
1493,45,45,,戦略企画参事官,内部部局/防衛政策局,,,
1494,45,45,,在日米軍協力課,内部部局/地方協力局,,訓練協力班,
1495,45,45,,労務管理課,内部部局/地方協力局,,,
1496,45,45,,在日米軍協力課,内部部局/地方協力局,,総括班,
1497,45,45,,在日米軍協力課,内部部局/地方協力局,,提供施設整備班,整備計画第１係
1498,45,45,統合幕僚監部,,首席参事官,,,
1499,45,45,,国際政策課,内部部局/防衛政策局,,,
1500,45,45,,インド太平洋地域参事官,内部部局/防衛政策局,,能力構築支援班,
1501,45,45,,戦略企画参事官,内部部局/防衛政策局,宇宙・海洋政策室,,
1502,45,45,,人事計画・補任課,内部部局/人事教育局,,制度企画班,
1503,14,14,戦略・組織,デジタル改革企画２：法制・制度担当,,,,
1504,10,10,事務局,監督総括課,監督調査部,,,
1505,14,14,省庁業務サービス,政府共通決済基盤担当,,,,
1506,1,1,副長官補付,拉致問題対策本部事務局,,,,
1507,4,4,科学技術・イノベーション推進事務局,参事官（原子力担当）,,,,
1508,14,14,デジタル社会共通機能,,,預貯金二法担当,,
1509,14,14,省庁業務サービス,登記関係システム・業務ＤＸ担当,,,,
1510,1,1,副長官補付,全世代型社会保障構築本部事務局,,,,
1511,4,4,政策統括官（経済安全保障担当）,参事官（総括・企画担当）,,,,
1512,26,26,国立教育政策研究所,企画課,社会教育実践研究センター,,,
1513,14,14,省庁業務サービス,ガバメントソリューションサービス担当,,,,
1514,14,14,省庁業務サービス,ガバメントクラウド担当,,,,
1515,14,14,デジタル社会共通機能,情報連携基盤刷新担当　情報連携基盤刷新班,,,,
1516,14,14,デジタル社会共通機能,ベース・レジストリ担当,,,,
1517,14,14,省庁業務サービス,ＧＩＭＡ担当,,,,
1518,14,14,国民向けサービス,,,国家資格デジタル化班,,
1519,14,14,国民向けサービス,,,省庁統一ウェブサイト班,,
1520,14,14,国民向けサービス,,,電子調達システム／調達ポータル班,,
1521,14,14,国民向けサービス,,,電子契約システム（工事・業務）班,,
1522,14,14,国民向けサービス,,,ＶｉｓｉｔＪａｐａｎＷｅｂ班,,
1523,14,14,国民向けサービス,,,スマホ搭載班,,
1524,14,14,国民向けサービス,,,マイナンバーカード・ＯＳＳ総括,,
1525,14,14,省庁業務サービス,人事・給与関係業務情報システム担当,,,,
1526,14,14,省庁業務サービス,国家公務員身分証共通発行管理システム担当,,,,
1527,14,14,国民向けサービス,準公共・相互連携担当,,,,
1528,14,14,戦略・組織,セキュリティ危機管理担当,,,,
1529,14,14,国民向けサービス,デジタル推進委員班,,,,
1530,45,45,防衛装備庁,調達企画課,調達管理部,有償援助調達管理室,,
1531,11,11,監督局,保険課,,,,
1532,12,12,,取引対策課,,取引デジタルプラットフォーム消費者保護室,,
1533,26,26,総合教育政策局,参事官（調査企画担当）,,,,統計活用推進係
1534,29,29,人材開発統括官,,,海外人材育成担当参事官室,,管理係
1535,16,16,自治行政局,地域政策課,,地域情報化企画室,,地域情報化第二係
1536,16,16,国際戦略局,宇宙通信政策課,,,,衛星開発係
1537,16,16,自治行政局,市町村課,,,,
1538,16,16,総合通信基盤局,データ通信課,電気通信事業部,,,
1539,16,16,自治行政局,地域ＤＸ推進室,,,,
1540,38,38,水管理・国土保全局,下水道事業課,,事業マネジメント推進室,,
1541,24,24,関税局,調査課,,,,
1542,34,36,,普及支援課,総務部,,地域調整班,地域業務第一係
1543,43,43,大臣官房,総合政策課,,環境研究技術室,,調整係
1544,29,29,年金局,事業管理課,,,,収納対策・交付金係
1545,29,29,老健局,老人保健課,,,,予算係
1546,38,38,国土技術政策総合研究所,住宅計画研究室,住宅研究部,,,
1547,38,38,国土技術政策総合研究所,都市防災研究室,都市研究部,,,
1548,38,38,国土技術政策総合研究所,空港施工システム室,空港研究部,,,
1549,43,43,大臣官房,企画課,環境保健部,熱中症対策室,,
1550,43,43,大臣官房,総務課,,危機管理・災害対策室,,
1551,16,16,情報流通行政局,衛星・地域放送課,,,,
1552,16,16,国際戦略局,国際戦略課,,投資審査室,,
1553,29,29,医政局,参事官（特定医薬品開発支援・医療情報担当）,,ワクチン等開発室,,
1554,26,26,高等教育局,医学教育課,,,,薬学教育係
1555,29,29,職業安定局,雇用政策課,,,,
1556,26,28,,文化経済・国際課,,新文化芸術創造室,,
1557,26,26,初等中等教育局,幼児教育課,,,,指導係
1558,26,26,科学技術・学術政策局,産業連携・地域振興課,,拠点形成・地域振興室,,地域係
1559,26,26,科学技術・学術政策局,研究環境課,,研究公正推進室,,
1560,26,27,,競技スポーツ課,,,,
1561,26,26,大臣官房,人事課,,,栄典班,栄典第三係
1562,26,26,総合教育政策局,参事官（調査企画担当）,,学力調査室,,学力調査推進係
1563,31,31,農産局,園芸作物課,,園芸流通加工対策室,,
1564,45,45,,戦略企画参事官,内部部局/防衛政策局,,統合防空ミサイル防衛政策班,
1565,45,45,,環境政策課,内部部局/地方協力局,,エネルギー班,
1566,45,45,防衛装備庁,事業計画官,プロジェクト管理部,企画室,維持整備企画班,
1567,45,45,,地域社会協力総括課,内部部局/地方協力局,,政策企画班,
1568,31,31,大臣官房,新事業・食品産業政策課,新事業・食品産業部,ファイナンス室,,
1569,31,31,農産局,企画課,農産政策部,,,
1570,31,31,大臣官房,食品製造課,新事業・食品産業部,原材料調達・品質管理改善室,,
1571,45,45,,人事計画・補任課,内部部局/人事教育局,,総括班,総括係
1572,34,34,大臣官房,厚生企画室,,,,
1573,11,11,総合政策局,リスク分析総括課,,貸金業室,,
1574,34,34,大臣官房,情報システム室,,,,
1575,34,34,大臣官房産業保安・安全G,電力安全課,,,,
1576,34,34,イノベーション・環境局,基準認証政策課,,,,
1577,34,34,大臣官房産業保安・安全G,産業保安企画室,,,,
1578,34,34,大臣官房産業保安・安全G,ガス安全室,,,,
1579,34,34,大臣官房産業保安・安全G,化学物質管理課,,オゾン層保護等推進室,,
1580,34,34,イノベーション・環境局ＧＸグループ,環境経済室,,,,
1581,38,38,国土技術政策総合研究所,道路地震防災研究室,道路構造物研究部,,,
1582,38,38,道路局,道路交通管理課,,高度道路交通システム推進室,,
1583,38,38,道路局,道路交通管理課,,車両通行対策室,,
1584,45,45,,在日米軍協力課,内部部局/地方協力局,,,
1585,1,1,副長官補付,別室,,,,
1586,4,4,政策統括官（共生・共助担当）,参事官（性的指向・ジェンダーアイデンティティ理解増進担当）,,,,
1587,4,4,政策統括官（共生・共助担当）,政策統括官（共生・共助担当）　孤独・孤立対策推進室,,,,
1588,6,6,,,,,,事務総局経済取引局/企業結合課
1589,6,6,,,,,,事務総局審査局/管理企画課
1590,6,6,,,,,,事務総局経済取引局取引部/取引企画課
1591,6,6,,,,,,事務総局経済取引局取引部/企業取引課
1592,6,6,,,,,,事務総局経済取引局取引部/企業取引課下請取引調査室
1593,6,6,,,,,,事務総局官房/総務課
1594,6,6,,,,,,事務総局官房/国際課
1595,6,6,,,,,,事務総局経済取引局/調整課
1596,6,6,,,,,総務課デジタル市場企画調査室,事務総局経済取引局//
1597,8,8,警察庁,警備第二課,警備局警備運用部,,,
1598,11,11,監督局,総務課,,,,
1599,13,13,長官官房,参事官（総合政策担当）,,,,
1600,13,13,長官官房,総務課,,,,企画係
1601,13,13,成育局,母子保健課,,,,
1602,13,13,成育局,保育政策課,,,,
1603,13,13,成育局,保育政策課,,公定価格担当室,,
1604,13,13,成育局,保育政策課,,認可外保育施設担当室,,
1605,13,13,成育局,成育基盤企画課,,,,
1606,13,13,成育局,成育環境課,,,,
1607,13,13,成育局,成育環境課,,児童手当管理室,,
1608,13,13,成育局,参事官（事業調整担当）,,,,
1609,13,13,成育局,安全対策課,,,,
1610,13,13,支援局,総務課,,,,
1611,13,13,支援局,虐待防止対策課,,,,
1612,13,13,支援局,家庭福祉課,,,,
1613,13,13,支援局,家庭福祉課,,ひとり親家庭等支援室,,
1614,13,13,支援局,障害児支援課,,,,
1615,13,13,長官官房,参事官（会計担当）,,,,
1616,13,13,長官官房,総務課,,,,
1617,13,13,成育局,総務課,,,,
1618,14,14,国民向けサービス,,,マイナポータル班,,
1619,14,14,デジタル社会共通機能,,,情報連携基盤担当　ＮＷＳ班,,
1620,14,14,デジタル社会共通機能,,,情報連携基盤担当　ＪーＬＩＳ班,,
1621,14,14,戦略・組織,広報・コミュニケーション担当,,,広報総括班,
1622,14,14,戦略・組織,セキュリティ危機管理担当,,,インシデント対応総括班,
1623,14,14,国民向けサービス,,,ＯＳＳ班,,
1624,14,14,国民向けサービス,,,データ戦略・企業間取引班,,
1625,14,14,国民向けサービス,新地方創生班,,,,
1626,14,14,デジタル社会共通機能,,,マイナンバー制度・公的個人認証法担当,,
1627,14,14,省庁業務サービス,職員ＩＤ基盤担当,,,,
1628,14,14,国民向けサービス,,,デジタル認証アプリ班,,
1629,14,14,国民向けサービス,,,フロントサービスＡＰＩ基盤班,,
1630,14,14,省庁業務サービス,総合運用・監視システム／常時リスク診断・対処システム,,,,
1631,14,14,省庁業務サービス,情報システム担当,,,,
1632,14,14,戦略・組織,人事担当,,インナーコミュニケーション班,,
1633,14,14,デジタル社会共通機能,,,トラスト担当　トラスト班,,
1634,14,14,省庁業務サービス,総括担当,,,,
1635,15,15,,,,,地方創生・万博・法制班,
1636,15,15,,,,,制度班,
1637,15,15,,,,,広報班,
1638,15,15,,,,,インフラ・住宅班,
1639,16,16,行政管理局,企画調整課,,,,
1640,16,16,行政管理局,公共サービス改革推進室,,,,
1641,16,16,行政管理局,管理官室,,,,
1642,16,16,自治行政局,公務員課,公務員部,給与能率推進室,,
1643,16,16,総合通信基盤局,基幹・衛星移動通信課,電波部,重要無線室,,
1644,16,16,統計研究研修所,研修企画課,管理・研修部,,,
1645,16,16,政策統括官（統計制度担当）室,統計審査官室,,,,
1646,16,18,消防庁,防災課,国民保護・防災部,広域応援室,,
1647,16,18,消防庁,消防・救急課,,救急企画室,,
1648,16,18,消防庁,防災課,国民保護・防災部,,,
1649,16,18,消防庁,参事官室,国民保護・防災部,,,
1650,16,18,消防庁消防大学校,庶務課,,,,
1651,16,18,消防庁,総務課,,,,
1652,16,16,情報流通行政局,情報流通振興課,,情報流通適正化推進室,,
1653,23,23,中東アフリカ局,アフリカ第二課,アフリカ部,,,
1654,23,23,総合外交政策局,安全保障協力課,,,,
1655,23,23,国際協力局,地球規模課題総括課,,専門機関室,,
1656,23,23,総合外交政策局,安全保障政策課,,国際平和・安全保障協力室　廃止,,
1657,23,23,国際法局,条約課,,,,
1658,34,34,資源エネルギー庁,政策課,省エネルギー・新エネルギー部,制度審議室,,
1659,26,26,初等中等教育局,学校情報基盤・教材課,,,,
1660,26,26,総合教育政策局,教育人材政策課,,教員養成企画室,,教育大学係
1661,26,26,初等中等教育局,参事官（高等学校担当）,,,,企画係
1662,26,26,大臣官房,会計課,,,管理班,企画渉外係
1663,26,28,,参事官（芸術文化担当）,,,,総括・顕彰係
1664,26,26,総合教育政策局,地域学習推進課,,,,庶務係
1665,26,26,研究振興局,研究振興戦略官,,,,
1666,38,38,水管理・国土保全局,水道事業課,,水道計画指導室,,
1667,29,29,政策統括官,,,賃金福祉統計室,,安全衛生第二係
1668,29,29,老健局,認知症施策・地域介護推進課,,,,基準第二係
1669,29,29,老健局,老人保健課,,,,調査係
1670,29,29,老健局,高齢者支援課,,,,福祉用具・住宅改修係
1671,29,29,老健局,高齢者支援課,,,,高齢者居住支援係
1672,29,29,老健局,認知症施策・地域介護推進課,,,,人材研修係
1673,29,29,老健局,認知症施策・地域介護推進課,,地域づくり推進室,,生活支援サービス係
1674,29,29,社会・援護局,保護課,,,,保護係
1675,34,34,商務情報政策局,情報技術利用促進課,,,,
1676,34,34,商務情報政策局商務・サービスG,キャッシュレス推進室,,,,
1677,31,33,,管理調整課,資源管理部,沿岸・遊漁室,,
1678,34,34,貿易経済安全保障局,総務課,,,,
1679,34,34,大臣官房福島復興推進G,福島新産業・雇用創出推進室,,,,
1680,34,34,商務情報政策局商務・サービスG,サービス政策課,,,,
1681,34,34,商務情報政策局,電池産業課,,,,
1682,34,34,イノベーション・環境局ＧＸグループ,脱炭素成長型経済構造移行投資促進課,,,,
1683,34,34,電力・ガス取引監視等委員会,総務課,事務局,,,
1684,34,34,大臣官房福島復興推進G,総合調整室,,,,
1685,34,34,イノベーション・環境局,経済産業省イノベーション・環境局イノベーション政策課,,,,
1686,34,34,商務情報政策局商務・サービスG,物流企画室,,,,
1687,34,34,製造産業局,生活製品課,,住宅産業室,,
1688,34,34,製造産業局,産業機械課,,,,
1689,38,38,物流・自動車局,自動車整備課,,,,
1690,38,38,水管理・国土保全局,河川環境課,,,,
1691,38,38,水管理・国土保全局,河川環境課,,流水管理室,,
1692,38,38,航空局,首都圏空港課,航空ネットワーク部,成田国際空港企画室,,
1693,38,38,物流・自動車局,自動車情報課,,,,
1694,38,38,物流・自動車局,審査・リコール課,,,,
1695,38,38,水管理・国土保全局,砂防計画課,砂防部,砂防管理支援室,,
1696,38,38,港湾局,計画課,,企画室,,
1697,38,38,国土技術政策総合研究所,港湾施設研究室,港湾・沿岸海洋研究部,,,
1698,38,38,国土技術政策総合研究所,水道研究室,上下水道研究部,,,
1699,38,38,国土技術政策総合研究所,防火基準研究室,建築研究部,,,
1700,43,43,地球環境局,地球温暖化対策課,,地球温暖化対策事業室,,住宅カーボンニュートラル係
1701,44,44,原子力規制庁,原子力規制企画課,原子力規制部,,,
1702,45,45,,戦略企画参事官,内部部局/防衛政策局,,AMDサブチーム,
1703,45,45,,在日米軍協力課,内部部局/地方協力局,,,移設整備計画第２係
1704,45,45,,会計課,内部部局/大臣官房,,予算総括班,経理係
1705,45,45,防衛装備庁,装備政策課,装備政策部,防衛生産基盤強化法室,,
1706,45,45,防衛装備庁,総務官,長官官房,情報システム管理室,総括班,
1707,45,45,,人材育成課,内部部局/人事教育局,,企画調整班,
1708,45,45,防衛装備庁,総務官,長官官房,情報システム管理室,,
1709,45,45,防衛装備庁,装備技術官（航空担当）,プロジェクト管理部,,,
1710,11,11,監督局,総務課,,監督調査室,,調査企画第２係
1711,14,14,戦略・組織,ＡＩ担当,,,,
1712,14,14,国民向けサービス,準公共・相互連携担当,,,健康・医療班,
1713,14,14,戦略・組織,調達支援・改革担当,,,,
1714,14,14,国民向けサービス,準公共・相互連携担当,,,防災班,
1715,14,14,国民向けサービス,,,事業者手続システム整理,,
1716,31,31,農産局,園芸作物課,,,果樹・茶グループ（グループ長）,
1717,31,31,畜産局,畜産振興課,,,,
1718,31,31,農林水産技術会議事務局,研究統括官,,,,
1719,23,23,経済局,政策課,,国際デジタル経済室,,
1720,29,29,医政局,参事官（特定医薬品開発支援・医療情報担当）,,医薬品開発室,,
1721,29,29,社会・援護局,障害福祉課,障害保健福祉部,,,就労支援係
1722,29,29,老健局,高齢者支援課,,介護業務効率化・生産性向上推進室,,介護ロボット係
1723,29,29,政策統括官,,,審査解析室,,
1724,16,16,総合通信基盤局,料金サービス課,電気通信事業部,,,
1725,16,16,総合通信基盤局,移動通信課,電波部,新世代移動通信システム推進室,,
1726,34,34,大臣官房,地方調整室,,,,
1727,38,38,港湾局,港湾経済課,,,,
1728,34,34,経済産業政策局,投資促進課,,,,
1729,24,24,財務総合政策研究所,総務研究部,,,,
1730,15,15,,,,,原子力災害復興班/移住等促進担当,
1731,15,15,,,,,原子力災害復興班/制度担当,
1732,15,15,,,,,法制班,
1733,15,15,,,,,農林水産班,
1734,29,29,保険局,保険課,,,,企画法令第一係
1735,38,38,国土政策局,,,地方政策課　広域制度企画室,,
1736,38,38,水管理・国土保全局,砂防計画課,砂防部,,,
1737,31,31,農林水産政策研究所,会計課,,,,
1738,4,4,政策統括官（経済財政運営担当）,地域就職氷河期世代支援加速化事業推進室,,,,
1739,14,14,デジタル社会共通機能,情報連携基盤刷新担当　窓口ＤＸ推進チーム,,,,
1740,14,14,戦略・組織,会計担当,,,,
1741,38,42,,施設補給課,装備技術部,,,計画係
1742,29,29,雇用環境・均等局,在宅労働課,,フリーランス就業環境整備室,,
1743,13,13,長官官房,総務課,,,,総務係
1744,11,11,総合政策局,リスク分析総括課,,金融犯罪対策室,,
1745,13,13,支援局,虐待防止対策課,,,,調整係
1746,26,26,高等教育局,学生支援課,,,,
1747,44,44,原子力規制庁,,原子力規制部,東京電力福島第一原子力発電所事故対策室,,
1748,26,26,高等教育局,高等教育企画課,,高等教育政策室,,企画審議係
1749,13,13,支援局,虐待防止対策課,,,,保護者指導係
1750,31,33,,計画課,漁港漁場整備部,,,
1751,14,14,戦略・組織,戦略企画担当,,,,
1752,11,11,総合政策局,秘書課,,管理室,,
1753,26,26,高等教育局,医学教育課,,,,
1754,29,29,健康・生活衛生局,感染症対策課,感染症対策部,国立健康危機管理研究機構設立準備室,,業務係
1755,38,38,水管理・国土保全局,上下水道企画課,,下水道部　下水道企画課　管理企画指導室,,
1756,38,38,国土技術政策総合研究所,能登上下水道復興支援室,上下水道研究部,,,
1757,16,16,総合通信基盤局,基幹・衛星移動通信課,電波部,重要無線室,,システム開発係
1758,45,45,防衛装備庁,事業計画官,プロジェクト管理部,補給・管理企画室,,
1759,43,43,環境再生・資源循環局,総務課,,資源循環ビジネス推進室,,
1760,38,39,,観光戦略課,,,,
1761,26,28,,文化経済・国際課,,文化芸術活動基盤強化室,,
1762,16,16,自治行政局,地域政策課,,,,地域の元気創造推進係
1763,4,4,科学技術・イノベーション推進事務局,参事官（研究環境担当）,,,,
1764,4,4,科学技術・イノベーション推進事務局,,,標準活用推進室,,
1765,29,29,社会・援護局,地域福祉課,,生活困窮者自立支援室,,就労支援係
1766,29,29,社会・援護局,障害福祉課,障害保健福祉部,障害児・発達障害者支援室,,発達障害者支援係
1767,13,13,長官官房,総務課,,,,広報・報道係
1768,38,38,国土技術政策総合研究所,,港湾・沿岸海洋研究部,,,
1769,29,29,老健局,認知症施策・地域介護推進課,,,,基準第一係
1770,4,4,政策統括官（防災担当）,広域避難・計画推進室,,,,
1771,34,34,経済産業政策局,経済社会政策室,,,,
1772,29,29,医政局,参事官（特定医薬品開発支援・医療情報担当）,,,,
1773,29,29,医政局,研究開発政策課,,,,
1774,45,45,,インド太平洋地域参事官,内部部局/防衛政策局,,,
1775,45,45,,東日本協力課,内部部局/地方協力局,,,
1776,13,13,長官官房,総務課,,支援金制度等準備室,,
1777,38,38,国土技術政策総合研究所,下水道研究室,上下水道研究部,,,
1778,38,38,国土技術政策総合研究所,橋梁研究室,道路構造物研究部,,,
1779,38,38,国土技術政策総合研究所,河川研究室,河川研究部,,,
1780,38,38,国土技術政策総合研究所,構造・基礎研究室,道路構造物研究部,,,
1781,38,38,国土技術政策総合研究所,大規模河川構造物研究室,河川研究部,,,
1782,11,11,企画市場局,市場課,,,,成長資金企画係
1783,23,23,総合外交政策局,国連政策課,,国連制裁室,,
1784,14,14,省庁業務サービス,政府のＡＩ調達・利活用ルール形成担当,,,,
1785,14,14,国民向けサービス,準公共・相互連携担当,,,モビリティ班,
1786,38,38,大臣官房,参事官,,,,
1787,14,14,省庁業務サービス,公共事業入札システム・業務ＤＸ担当,,,,
1788,23,23,経済局,国際貿易課,,サービス貿易室,,
1789,31,32,,経営課,林政部,,,
1790,31,31,経営局,保険監理官付,,,,
1791,4,4,地方創生推進事務局,参事官（地域再生担当）,,,,
1792,16,16,情報流通行政局,郵便課,郵政行政部,,,
1793,29,29,医政局,医療経営支援課,,医療法人支援室,,医療法人係
1794,4,4,政策統括官（経済財政運営担当）,地域経済活性化支援機構担当室,,,,
1795,31,33,,加工流通課,漁政部,水産流通適正化推進室（室長）,,
1796,13,13,支援局,障害児支援課,,,,障害児支援係
1797,29,29,大臣官房,厚生科学課,,災害等危機管理対策室,,健康危機管理対策調整係
1798,16,16,自治行政局,選挙課,選挙部,,,
1799,34,34,商務情報政策局,情報経済課,,アーキテクチャ戦略企画室,,
1800,34,34,商務情報政策局商務・サービスG,サービス政策課,,スポーツ産業室,,
1801,34,34,製造産業局,金属課,,金属技術室,,
1802,38,38,物流・自動車局,貨物流通事業課,,トラック事業適正化対策室,,
1803,34,34,資源エネルギー庁,国際課,長官官房,海外エネルギーインフラ室,,
1804,26,28,,参事官（芸術文化担当）,,,,
1805,34,34,イノベーション・環境局,経済産業省イノベーション・環境局イノベーション創出新事業推進課,,スタートアップ推進室,,
1806,29,29,社会・援護局,障害福祉課,障害保健福祉部,,,相談支援係
1807,38,38,国土交通大学校,総務課,総務部,,,予算係
